row_id,subject_id,hadm_id,seq_num,icd9_code,icd10_codes,hpo_features
112344,10006,142345,1,99591,A419,HP:0100806
112345,10006,142345,2,99662,T827XXA,
112346,10006,142345,3,5672,,
112347,10006,142345,4,40391,I120,HP:0004421;HP:0009741;HP:0004972;HP:0005117
112348,10006,142345,5,42731,I4891,
112349,10006,142345,6,4280,I50814;I509,HP:0001635
112350,10006,142345,7,4241,I350;I351;I352;I358;I359,HP:0004963;HP:0004942;HP:0001680;HP:0001650;HP:0001647;HP:0001659;HP:0001650;HP:0011560;HP:0001629;HP:0001718;HP:0001719;HP:0001647;HP:0001650
112351,10006,142345,8,4240,I340;I348,HP:0001653
112352,10006,142345,9,2874,,
112353,10006,142345,10,03819,A411,HP:0100806
112354,10006,142345,11,7850,,
112355,10006,142345,12,E8791,,
112356,10006,142345,13,V090,,
112357,10006,142345,14,56211,K5732,
112358,10006,142345,15,28529,D638,HP:0011010;HP:0001903
112359,10006,142345,16,25000,E119,HP:0005978;HP:0000819;HP:0031819;HP:0000518;HP:0002591;HP:0002960;HP:0001959;HP:0000831;HP:0000103;HP:0003584;HP:0000855;HP:0009830;HP:0001993;HP:0006279
112360,10006,142345,17,V5867,,
112361,10006,142345,18,E9342,,
112362,10006,142345,19,41401,I2510,
112363,10006,142345,20,2749,M109,HP:0003149;HP:0002149;HP:0002829;HP:0000083;HP:0001854;HP:0001997;HP:0000787
112364,10006,142345,21,3051,F17200,
112394,10011,105331,1,570,K7200;K762,
112395,10011,105331,2,07030,B169;B1910,HP:0012115;HP:0200119
112396,10011,105331,3,07054,B182,HP:0200123;HP:0012115
112397,10011,105331,4,30401,F1120,
112398,10011,105331,5,2875,,
112399,10011,105331,6,2760,,
112410,10013,165520,1,0389,A419,HP:0100806
112411,10013,165520,2,41071,I214,HP:0000819;HP:0001997;HP:0100749;HP:0040270;HP:0001658;HP:0001645;HP:0003124;HP:0002155;HP:0001681;HP:0000822;HP:0002018;HP:0032192;HP:0000939
112412,10013,165520,3,78551,,
112413,10013,165520,4,486,J189,HP:0002090
112414,10013,165520,5,42731,I4891,
112415,10013,165520,6,20280,C8580;C8589,
112416,10013,165520,7,4240,I340;I348,HP:0001653
112417,10013,165520,8,4582,,
112418,10013,165520,9,2724,E784;E785,HP:0003124;HP:0031800;HP:0003077;HP:0003362;HP:0001658;HP:0003141;HP:0001114;HP:0031798;HP:0003077
112444,10017,199207,1,81201,S42213A;S42216A,
112445,10017,199207,2,4928,J439,HP:0002097
112446,10017,199207,3,8028,S0242XA;S0292XA,
112447,10017,199207,4,8024,S02400A;S02401A;S02402A;S0240AA;S0240BA;S0240CA;S0240DA;S0240EA;S0240FA,
112448,10017,199207,5,99812,D7801;D7802;E3601;E3602;G9731;G9732;H59111;H59112;H59113;H59119;H59121;H59122;H59123;H59129;H9521;H9522;I97410;I97411;I97418;I9742;J9561;J9562;K9161;K9162;L7601;L7602;M96810;M96811;N9961;N9962;D7831;D7832;E89820;E89821;G9761;G9762;H59331;H59332;H59333;H59339;H59341;H59342;H59343;H59349;H9551;H9552;I97621;I97630;I97631;I97638;J95860;J95861;K91870;K91871;L7631;L7632;M96840;M96841;N99840;N99841,
112449,10017,199207,6,41511,I2690;I2699;T800XXA;T81718A;T8172XA;T82817A;T82818A,
112450,10017,199207,7,2851,,
112451,10017,199207,8,486,J189,HP:0002090
112452,10017,199207,9,E8859,W1849XA,
112453,10017,199207,10,25000,E119,HP:0005978;HP:0000819;HP:0031819;HP:0000518;HP:0002591;HP:0002960;HP:0001959;HP:0000831;HP:0000103;HP:0003584;HP:0000855;HP:0009830;HP:0001993;HP:0006279
112454,10017,199207,11,E8788,,
112455,10017,199207,12,V1259,Z8679,
112456,10017,199207,13,2724,E784;E785,HP:0003124;HP:0031800;HP:0003077;HP:0003362;HP:0001658;HP:0003141;HP:0001114;HP:0031798;HP:0003077
112457,10017,199207,14,4019,I10;I169,HP:0000822;HP:0004421;HP:0004972;HP:0005117
112458,10019,177759,1,0389,A419,HP:0100806
112459,10019,177759,2,51881,J9600;J9690,HP:0002878;HP:0012416;HP:0012416;HP:0002878
112460,10019,177759,3,5770,K8590;K8591;K8592,
112461,10019,177759,4,30390,F1020,
112462,10019,177759,5,5781,,
112463,10019,177759,6,5845,,
112464,10019,177759,7,2848,,
112465,10019,177759,8,5722,K7290;K7291,
112466,10019,177759,9,78559,R571;R578,HP:0031274;HP:0031273
112467,10019,177759,10,99592,R6520,
112468,10019,177759,11,5711,K7010,
112469,10019,177759,12,4019,I10;I169,HP:0000822;HP:0004421;HP:0004972;HP:0005117
112470,10019,177759,13,49390,J45909;J45998,
112471,10019,177759,14,7299,,
112506,10026,103770,1,431,I619,HP:0001342
112507,10026,103770,2,4010,I10,HP:0000822;HP:0004421;HP:0004972;HP:0005117
112508,10026,103770,3,5990,,
112509,10026,103770,4,2761,,
112510,10026,103770,5,V103,,
112511,10026,103770,6,3569,G609,HP:0009830;HP:0030646
112512,10026,103770,7,2859,,
112513,10027,199395,1,4280,I50814;I509,HP:0001635
112514,10027,199395,2,4240,I340;I348,HP:0001653
112515,10027,199395,3,3970,I071;I072;I078,HP:0005180;HP:0010446
112516,10027,199395,4,4266,,
112517,10027,199395,5,42731,I4891,
112518,10027,199395,6,5859,,
112519,10027,199395,7,41401,I2510,
112520,10027,199395,8,4019,I10;I169,HP:0000822;HP:0004421;HP:0004972;HP:0005117
112521,10027,199395,9,25000,E119,HP:0005978;HP:0000819;HP:0031819;HP:0000518;HP:0002591;HP:0002960;HP:0001959;HP:0000831;HP:0000103;HP:0003584;HP:0000855;HP:0009830;HP:0001993;HP:0006279
112522,10027,199395,10,2948,F060;F068,HP:0000738;HP:0000709
112523,10027,199395,11,5691,K622;K623,HP:0000508;HP:0002607;HP:0002035
112524,10027,199395,12,79092,,
112531,10029,132349,1,0380,A409,HP:0100806
112532,10029,132349,2,99673,T82818A;T82828A;T82838A;T82848A;T82858A;T82868A;T82898A,
112533,10029,132349,3,5761,K830,HP:0001394;HP:0001945;HP:0002027;HP:0000952;HP:0002611;HP:0000112;HP:0030151;HP:0001395;HP:0001969;HP:0025143;HP:0002910;HP:0012622
112534,10029,132349,4,57451,K8051,
112535,10029,132349,5,42731,I4891,
112536,10029,132349,6,5856,,
112537,10029,132349,7,4538,,
112538,10029,132349,8,5990,,
112539,10029,132349,9,78552,R6521,
112540,10029,132349,10,51882,J80;R0603,HP:0000961;HP:0002094;HP:0002789
112541,10029,132349,11,2875,,
112542,10029,132349,12,5119,J918,
112543,10029,132349,13,40391,I120,HP:0004421;HP:0009741;HP:0004972;HP:0005117
112544,10029,132349,14,4280,I50814;I509,HP:0001635
112545,10029,132349,15,99659,T85398A;T85590A;T85692A;T85698A,
112546,10029,132349,16,7211,M4712,HP:0008480;HP:0003302;HP:0003298;HP:0002758;HP:0003304
112547,10029,132349,17,V1588,,
112548,10029,132349,18,2380,,
112549,10029,132349,19,2930,F05,HP:0031258
112550,10029,132349,20,0414,,
112551,10029,132349,21,99592,R6520,
112552,10029,132349,22,V4502,,
112553,10029,132349,23,V1046,,
112563,10032,140372,1,81249,S42493A;S42496A,
112564,10032,140372,2,1985,C7951;C7952,
112565,10032,140372,3,5070,,
112566,10032,140372,4,42830,I5030,
112567,10032,140372,5,4280,I50814;I509,HP:0001635
112568,10032,140372,6,2851,,
112569,10032,140372,7,2765,,
112570,10032,140372,8,2875,,
112571,10032,140372,9,5849,,
112572,10033,157235,1,24220,E0520,
112573,10033,157235,2,51919,J398;J9809,
112574,10033,157235,3,5849,,
112575,10033,157235,4,2767,,
112576,10033,157235,5,42731,I4891,
112577,10033,157235,6,E8889,W19XXXA,
112578,10033,157235,7,4019,I10;I169,HP:0000822;HP:0004421;HP:0004972;HP:0005117
112579,10033,157235,8,25000,E119,HP:0005978;HP:0000819;HP:0031819;HP:0000518;HP:0002591;HP:0002960;HP:0001959;HP:0000831;HP:0000103;HP:0003584;HP:0000855;HP:0009830;HP:0001993;HP:0006279
112580,10033,157235,9,2720,E7800;E7801,
112581,10033,157235,10,311,F329,HP:0012378;HP:0000716
112582,10033,157235,11,43811,I69920,
112583,10033,157235,12,53390,K279,HP:0004398;HP:0002248;HP:0002249
112586,10035,110244,1,43310,I6529,
112587,10035,110244,2,2749,M109,HP:0003149;HP:0002149;HP:0002829;HP:0000083;HP:0001854;HP:0001997;HP:0000787
112588,10035,110244,3,6000,,
112589,10035,110244,4,412,,
112590,10036,189483,1,0389,A419,HP:0100806
112591,10036,189483,2,78552,R6521,
112592,10036,189483,3,5070,,
112593,10036,189483,4,5849,,
112594,10036,189483,5,2762,,
112595,10036,189483,6,2765,,
112596,10036,189483,7,2554,,
112597,10036,189483,8,2760,,
112598,10036,189483,9,99592,R6520,
112599,10036,189483,10,53081,,
112600,10036,189483,11,3310,G309,HP:0002511;HP:0001300;HP:0410054;HP:0002423;HP:0002185;HP:0000726
112601,10036,189483,12,29410,,
112602,10036,189483,13,725,,
112603,10036,189483,14,2449,,
112611,10038,111115,1,99667,T8460XA;T847XXA,
112612,10038,111115,2,0380,A409,HP:0100806
112613,10038,111115,3,42731,I4891,
112614,10038,111115,4,4280,I50814;I509,HP:0001635
112615,10038,111115,5,5849,,
112616,10038,111115,6,99591,A419,HP:0100806
112617,10038,111115,7,42830,I5030,
112618,10038,111115,8,71105,M00059;M00159;M00259;M00859,
112619,10038,111115,9,2763,,
112620,10038,111115,10,2875,,
112621,10038,111115,11,99677,T8481XA;T8482XA;T8483XA;T8484XA;T8485XA;T8486XA;T8489XA;T849XXA,
112622,10038,111115,12,7837,,
112623,10038,111115,13,4019,I10;I169,HP:0000822;HP:0004421;HP:0004972;HP:0005117
112624,10038,111115,14,2948,F060;F068,HP:0000738;HP:0000709
112625,10038,111115,15,45981,I872,HP:0011010;HP:0005293
112626,10038,111115,16,E8781,,
112627,10038,111115,17,E8498,Y9289,
112628,10038,111115,18,73300,M810,HP:0000939
112629,10038,111115,19,79092,,
112630,10038,111115,20,04102,,
112637,10040,157839,1,40291,I110,HP:0005117;HP:0004972;HP:0004421
112638,10040,157839,2,7907,R7881,
112639,10040,157839,3,4928,J439,HP:0002097
112640,10040,157839,4,51881,J9600;J9690,HP:0002878;HP:0012416;HP:0012416;HP:0002878
112641,10040,157839,5,4241,I350;I351;I352;I358;I359,HP:0004963;HP:0004942;HP:0001680;HP:0001650;HP:0001647;HP:0001659;HP:0001650;HP:0011560;HP:0001629;HP:0001718;HP:0001719;HP:0001647;HP:0001650
112642,10040,157839,6,4280,I50814;I509,HP:0001635
112643,10040,157839,7,41401,I2510,
112644,10040,157839,8,2809,,
112645,10040,157839,9,53081,,
112654,10042,148562,1,41071,I214,HP:0000819;HP:0001997;HP:0100749;HP:0040270;HP:0001658;HP:0001645;HP:0003124;HP:0002155;HP:0001681;HP:0000822;HP:0002018;HP:0032192;HP:0000939
112655,10042,148562,2,9971,I97710;I97790;I9788;I9789,
112656,10042,148562,3,4271,I472,HP:0001699;HP:0025478;HP:0031677;HP:0002321;HP:0001662;HP:0001279;HP:0006682;HP:0001259;HP:0031273;HP:0001657;HP:0005110;HP:0003701;HP:0004756;HP:0001695;HP:0001250;HP:0005162
112657,10042,148562,4,4280,I50814;I509,HP:0001635
112658,10042,148562,5,4240,I340;I348,HP:0001653
112659,10042,148562,6,42731,I4891,
112660,10042,148562,7,4160,,
112661,10042,148562,8,41401,I2510,
112662,10042,148562,9,4439,,
112663,10043,168674,1,51881,J9600;J9690,HP:0002878;HP:0012416;HP:0012416;HP:0002878
112664,10043,168674,2,486,J189,HP:0002090
112665,10043,168674,3,49121,J441,HP:0011009;HP:0011010
112666,10043,168674,4,00845,A0471;A0472,
112667,10043,168674,5,2875,,
112668,10043,168674,6,42831,I5031,
112669,10043,168674,7,4280,I50814;I509,HP:0001635
112670,10043,168674,8,28529,D638,HP:0011010;HP:0001903
112671,10044,124073,1,1983,C7931,
112672,10044,124073,2,6826,L03119;L03129,
112673,10044,124073,3,1977,C787,HP:0002664
112674,10044,124073,4,1970,C7800,
112675,10044,124073,5,42731,I4891,
112676,10044,124073,6,4019,I10;I169,HP:0000822;HP:0004421;HP:0004972;HP:0005117
112677,10044,124073,7,41401,I2510,
112678,10044,124073,8,5939,N289,HP:0000112
112679,10044,124073,9,28522,,
112680,10045,126949,1,0383,A414,HP:0100806
112681,10045,126949,2,00845,A0471;A0472,
112682,10045,126949,3,78552,R6521,
112683,10045,126949,4,44422,I743,
112684,10045,126949,5,42731,I4891,
112685,10045,126949,6,2761,,
112686,10045,126949,7,5849,,
112687,10045,126949,8,5990,,
112688,10045,126949,9,2867,D6832;D684,HP:0008169;HP:0002621;HP:0008321;HP:0011858;HP:0008151;HP:0000421;HP:0001102;HP:0000973;HP:0001892
112689,10045,126949,10,56969,K9409;K9419,
112690,10045,126949,11,4280,I50814;I509,HP:0001635
112691,10045,126949,12,431,I619,HP:0001342
112692,10045,126949,13,99592,R6520,
112693,10045,126949,14,4471,,
112694,10045,126949,15,41072,I214,HP:0000819;HP:0001997;HP:0100749;HP:0040270;HP:0001658;HP:0001645;HP:0003124;HP:0002155;HP:0001681;HP:0000822;HP:0002018;HP:0032192;HP:0000939
112695,10045,126949,16,2449,,
112696,10045,126949,17,25000,E119,HP:0005978;HP:0000819;HP:0031819;HP:0000518;HP:0002591;HP:0002960;HP:0001959;HP:0000831;HP:0000103;HP:0003584;HP:0000855;HP:0009830;HP:0001993;HP:0006279
112697,10045,126949,18,4019,I10;I169,HP:0000822;HP:0004421;HP:0004972;HP:0005117
112698,10045,126949,19,41401,I2510,
112699,10045,126949,20,2724,E784;E785,HP:0003124;HP:0031800;HP:0003077;HP:0003362;HP:0001658;HP:0003141;HP:0001114;HP:0031798;HP:0003077
112700,10045,126949,21,2859,,
112701,10045,126949,22,1179,B488;B49,
112702,10045,126949,23,V446,,
112703,10045,126949,24,V1042,,
112704,10045,126949,25,V153,,
112705,10045,126949,26,V1582,Z87891,
112706,10045,126949,27,V4582,Z9861,
112707,10046,133110,1,1983,C7931,
112708,10046,133110,2,78039,R569,
112709,10046,133110,3,V1042,,
112771,10056,100375,1,0389,A419,HP:0100806
112772,10056,100375,2,5990,,
112773,10056,100375,3,5845,,
112774,10056,100375,4,2765,,
112775,10056,100375,5,78552,R6521,
112776,10056,100375,6,42831,I5031,
112777,10056,100375,7,4280,I50814;I509,HP:0001635
112778,10056,100375,8,2761,,
112779,10056,100375,9,99592,R6520,
112806,10059,122098,1,5715,K740;K7460;K7469,HP:0001395
112807,10059,122098,2,452,,
112808,10059,122098,3,07070,,
112809,10059,122098,4,2800,,
112810,10059,122098,5,45620,,
112811,10059,122098,6,0389,A419,HP:0100806
112812,10059,122098,7,99592,R6520,
112813,10059,122098,8,78552,R6521,
112814,10059,122098,9,51881,J9600;J9690,HP:0002878;HP:0012416;HP:0012416;HP:0002878
112815,10059,122098,10,5724,,
112816,10059,122098,11,5849,,
112817,10059,122098,12,5859,,
112818,10059,122098,13,7895,,
112819,10059,122098,14,5723,,
112820,10059,142582,1,5715,K740;K7460;K7469,HP:0001395
112821,10059,142582,2,5849,,
112822,10059,142582,3,07070,,
112823,10059,142582,4,2800,,
112824,10059,142582,5,2875,,
112825,10059,142582,6,7895,,
112826,10059,142582,7,45620,,
112827,10059,142582,8,5723,,
112828,10059,142582,9,4019,I10;I169,HP:0000822;HP:0004421;HP:0004972;HP:0005117
112845,10061,145203,1,4280,I50814;I509,HP:0001635
112846,10061,145203,2,41071,I214,HP:0000819;HP:0001997;HP:0100749;HP:0040270;HP:0001658;HP:0001645;HP:0003124;HP:0002155;HP:0001681;HP:0000822;HP:0002018;HP:0032192;HP:0000939
112847,10061,145203,3,0389,A419,HP:0100806
112848,10061,145203,4,78551,,
112849,10061,145203,5,78559,R571;R578,HP:0031274;HP:0031273
112850,10061,145203,6,51881,J9600;J9690,HP:0002878;HP:0012416;HP:0012416;HP:0002878
112851,10061,145203,7,5849,,
112852,10061,145203,8,570,K7200;K762,
112853,10061,145203,9,48282,,
112867,10064,111761,1,80125,S064X6A;S064X7A;S064X8A;S065X6A;S065X7A;S065X8A;S066X6A;S066X7A;S066X8A;S02109A,
112868,10064,111761,2,8602,S271XXA,
112869,10064,111761,3,42731,I4891,
112870,10064,111761,4,E8348,V9339XA,
112871,10065,183314,1,1510,,
112872,10065,183314,2,1978,C787;C7889,HP:0002664
112873,10065,183314,3,9992,T801XXA,
112874,10065,183314,4,5859,,
112875,10065,183314,5,1962,,
112876,10065,183314,6,7140,M069,HP:0000707;HP:0001871;HP:0002715;HP:0001370;HP:0002633;HP:0002086
112877,10065,183314,7,53081,,
112878,10065,183314,8,2720,E7800;E7801,
112879,10065,183314,9,4019,I10;I169,HP:0000822;HP:0004421;HP:0004972;HP:0005117
112880,10065,183314,10,2749,M109,HP:0003149;HP:0002149;HP:0002829;HP:0000083;HP:0001854;HP:0001997;HP:0000787
112881,10065,183314,11,73300,M810,HP:0000939
112889,10067,160442,1,86404,S36116A,
112890,10067,160442,2,8504,,
112891,10067,160442,3,9584,T794XXA,
112892,10067,160442,4,4275,I469,HP:0001695
112893,10067,160442,5,2851,,
112894,10067,160442,6,E8232,V270XXA,
112895,10067,160442,7,86389,S36899A,
112896,10067,160442,8,73689,M21969;M2180,
112906,10069,146672,1,34591,G40911;G40919,
112907,10069,146672,2,51881,J9600;J9690,HP:0002878;HP:0012416;HP:0012416;HP:0002878
112908,10069,146672,3,78001,R4020,
112909,10069,146672,4,2762,,
112910,10069,146672,5,5070,,
112911,10069,146672,6,4538,,
112912,10069,146672,7,319,F79,HP:0001249
112913,10069,146672,8,4280,I50814;I509,HP:0001635
112914,10069,146672,9,25000,E119,HP:0005978;HP:0000819;HP:0031819;HP:0000518;HP:0002591;HP:0002960;HP:0001959;HP:0000831;HP:0000103;HP:0003584;HP:0000855;HP:0009830;HP:0001993;HP:0006279
112946,10074,170119,1,56985,,
112947,10074,170119,2,42731,I4891,
112948,10074,170119,3,486,J189,HP:0002090
112949,10074,170119,4,39891,,
112950,10074,170119,5,3962,I080,
112951,10074,170119,6,3970,I071;I072;I078,HP:0005180;HP:0010446
112952,10074,170119,7,2765,,
112953,10074,170119,8,5849,,
112954,10074,170119,9,2851,,
112955,10074,170119,10,496,J449,HP:0006510
112956,10074,170119,11,42789,R001;I498,HP:0001688;HP:0001662;HP:0011710;HP:0004756;HP:0002094;HP:0001645;HP:0012272;HP:0004749;HP:0012378;HP:0011712;HP:0001279;HP:0001663;HP:0004308;HP:0001649;HP:0012251;HP:0001695;HP:0001662;HP:0011705;HP:0001699;HP:0012232;HP:0001962;HP:0012248;HP:0005110;HP:0031972
112957,10074,170119,12,V5861,,
112971,10076,198503,1,486,J189,HP:0002090
112972,10076,198503,2,1985,C7951;C7952,
112973,10076,198503,3,1972,,
112974,10076,198503,4,5849,,
112975,10076,198503,5,1625,C3430,
112976,10076,198503,6,1970,C7800,
112977,10076,198503,7,2762,,
112978,10076,198503,8,0389,A419,HP:0100806
112979,10076,198503,9,99592,R6520,
112980,10076,198503,10,51881,J9600;J9690,HP:0002878;HP:0012416;HP:0012416;HP:0002878
112981,10076,198503,11,2639,E46,HP:0004395
112982,10076,198503,12,2761,,
112983,10076,198503,13,28522,,
112984,10076,198503,14,78791,K5229;K5289;R197,
112985,10076,198503,15,E9331,,
113030,10083,134993,1,27739,E851;E853;E8581;E8582;E8589,HP:0004926;HP:0000020;HP:0001638;HP:0031047;HP:0000726;HP:0010550;HP:0001269;HP:0000802;HP:0012185;HP:0011034;HP:0003581;HP:0001337;HP:0001260;HP:0002922;HP:0000639;HP:0001257;HP:0003676;HP:0001250;HP:0002401;HP:0002315;HP:0007841;HP:0000365;HP:0001265;HP:0001271;HP:0032070;HP:0006775;HP:0000505;HP:0001251;HP:0001640;HP:0001324;HP:0002014;HP:0003477;HP:0001871;HP:0002019;HP:0001257;HP:0002014;HP:0012185;HP:0003581;HP:0002315;HP:0032070;HP:0003676;HP:0001265;HP:0001250;HP:0001271;HP:0007841;HP:0011034;HP:0000020;HP:0000365;HP:0000726;HP:0002401;HP:0002922;HP:0010550;HP:0001640;HP:0001251;HP:0001260;HP:0001337;HP:0004926;HP:0001269;HP:0000639;HP:0001871;HP:0000802;HP:0006775;HP:0031047;HP:0001324;HP:0000505;HP:0001638;HP:0002019;HP:0003477
113031,10083,134993,2,2554,,
113032,10083,134993,3,99662,T827XXA,
113033,10083,134993,4,261,E41;E43,HP:0012828;HP:0004395;HP:0004395;HP:0012828
113034,10083,134993,5,5990,,
113035,10083,134993,6,4280,I50814;I509,HP:0001635
113036,10083,134993,7,58181,N08,HP:0000123;HP:0000099;HP:0000112;HP:0100520;HP:0000790
113037,10083,134993,8,27652,,
113038,10083,134993,9,5780,,
113039,10083,134993,10,2762,,
113040,10083,134993,11,2761,,
113041,10083,134993,12,7907,R7881,
113042,10083,134993,13,V0980,Z1620;Z1621;Z1622;Z1631;Z1632;Z1633;Z1639,
113043,10083,134993,14,2739,E8809,
113044,10083,134993,15,45829,I952;I9581,HP:0002615
113045,10083,134993,16,7872,,
113046,10083,134993,17,311,F329,HP:0012378;HP:0000716
113047,10083,134993,18,2738,E8809,
113048,10083,134993,19,04104,,
113049,10083,134993,20,53019,,
113050,10083,134993,21,28529,D638,HP:0011010;HP:0001903
113051,10083,134993,22,53081,,
113052,10083,134993,23,04182,,
113073,10088,149044,1,0389,A419,HP:0100806
113074,10088,149044,2,99591,A419,HP:0100806
113075,10088,149044,3,78552,R6521,
113076,10088,149044,4,5990,,
113077,10088,149044,5,4280,I50814;I509,HP:0001635
113078,10088,149044,6,V090,,
113079,10088,149044,7,3320,G20,HP:0001263;HP:0002061;HP:0003581;HP:0000012;HP:0100660;HP:0025401;HP:0001348;HP:0002185;HP:0002375;HP:0003596;HP:0007256;HP:0000658;HP:0000738;HP:0002465;HP:0003677;HP:0031908;HP:0000725;HP:0011999;HP:0000716;HP:0002174;HP:0002304;HP:0001332;HP:0002172;HP:0002529;HP:0000739;HP:0011960;HP:0001249;HP:0002171;HP:0000256;HP:0002064;HP:0000605;HP:0003678;HP:0002007;HP:0002120;HP:0000726;HP:0000571;HP:0003587;HP:0001288;HP:0003593;HP:0000751;HP:0002063;HP:0001250;HP:0002015;HP:0002396;HP:0001939;HP:0011462;HP:0001257;HP:0002071;HP:0003676;HP:0003487;HP:0002362;HP:0004409;HP:0001337;HP:0100315;HP:0100543;HP:0001260;HP:0012332;HP:0000643;HP:0001300;HP:0002451;HP:0000298;HP:0001762;HP:0001355;HP:0002019;HP:0002067;HP:0001621;HP:0002360;HP:0001347;HP:0001824;HP:0007311;HP:0012407;HP:0001268;HP:0001278;HP:0000514;HP:0001336;HP:0031959;HP:0002548;HP:0000338;HP:0002322
113080,10088,149044,8,29041,F0151,
113081,10088,149044,9,4370,,
113082,10088,149044,10,V441,,
113083,10088,149044,11,41400,I2510,
113084,10088,149044,12,28529,D638,HP:0011010;HP:0001903
113085,10088,149044,13,V4582,Z9861,
113086,10088,149044,14,V4581,,
113087,10088,149044,15,4439,,
113088,10088,149044,16,V1079,Z8579,
113089,10088,149044,17,V1201,,
113090,10088,168233,1,41071,I214,HP:0000819;HP:0001997;HP:0100749;HP:0040270;HP:0001658;HP:0001645;HP:0003124;HP:0002155;HP:0001681;HP:0000822;HP:0002018;HP:0032192;HP:0000939
113091,10088,168233,2,5070,,
113092,10088,168233,3,51882,J80;R0603,HP:0000961;HP:0002094;HP:0002789
113093,10088,168233,4,4280,I50814;I509,HP:0001635
113094,10088,168233,5,5849,,
113095,10088,168233,6,2762,,
113096,10088,168233,7,2760,,
113097,10088,168233,8,20280,C8580;C8589,
113098,10088,168233,9,490,,
113099,10088,168233,10,04111,B9561,
113100,10088,168233,11,V090,,
113101,10088,168233,12,42789,R001;I498,HP:0001688;HP:0001662;HP:0011710;HP:0004756;HP:0002094;HP:0001645;HP:0012272;HP:0004749;HP:0012378;HP:0011712;HP:0001279;HP:0001663;HP:0004308;HP:0001649;HP:0012251;HP:0001695;HP:0001662;HP:0011705;HP:0001699;HP:0012232;HP:0001962;HP:0012248;HP:0005110;HP:0031972
113102,10088,168233,13,4019,I10;I169,HP:0000822;HP:0004421;HP:0004972;HP:0005117
113103,10088,168233,14,3320,G20,HP:0001263;HP:0002061;HP:0003581;HP:0000012;HP:0100660;HP:0025401;HP:0001348;HP:0002185;HP:0002375;HP:0003596;HP:0007256;HP:0000658;HP:0000738;HP:0002465;HP:0003677;HP:0031908;HP:0000725;HP:0011999;HP:0000716;HP:0002174;HP:0002304;HP:0001332;HP:0002172;HP:0002529;HP:0000739;HP:0011960;HP:0001249;HP:0002171;HP:0000256;HP:0002064;HP:0000605;HP:0003678;HP:0002007;HP:0002120;HP:0000726;HP:0000571;HP:0003587;HP:0001288;HP:0003593;HP:0000751;HP:0002063;HP:0001250;HP:0002015;HP:0002396;HP:0001939;HP:0011462;HP:0001257;HP:0002071;HP:0003676;HP:0003487;HP:0002362;HP:0004409;HP:0001337;HP:0100315;HP:0100543;HP:0001260;HP:0012332;HP:0000643;HP:0001300;HP:0002451;HP:0000298;HP:0001762;HP:0001355;HP:0002019;HP:0002067;HP:0001621;HP:0002360;HP:0001347;HP:0001824;HP:0007311;HP:0012407;HP:0001268;HP:0001278;HP:0000514;HP:0001336;HP:0031959;HP:0002548;HP:0000338;HP:0002322
113104,10088,168233,15,29040,F0150,
113105,10088,168233,16,4370,,
113106,10088,168233,17,44031,I70499,
113107,10088,168233,18,56210,K5730,
113108,10088,168233,19,2724,E784;E785,HP:0003124;HP:0031800;HP:0003077;HP:0003362;HP:0001658;HP:0003141;HP:0001114;HP:0031798;HP:0003077
113109,10088,168233,20,311,F329,HP:0012378;HP:0000716
113110,10088,168233,21,V4581,,
113111,10088,168233,22,V4582,Z9861,
113112,10088,168233,23,V1201,,
113113,10088,169938,1,0389,A419,HP:0100806
113114,10088,169938,2,99592,R6520,
113115,10088,169938,3,5990,,
113116,10088,169938,4,78552,R6521,
113117,10088,169938,5,51881,J9600;J9690,HP:0002878;HP:0012416;HP:0012416;HP:0002878
113118,10088,169938,6,4280,I50814;I509,HP:0001635
113119,10088,169938,7,2765,,
113120,10088,169938,8,5781,,
113121,10088,169938,9,0414,,
113122,10088,169938,10,V4581,,
113123,10088,169938,11,V4582,Z9861,
113124,10088,169938,12,41400,I2510,
113125,10088,169938,13,4019,I10;I169,HP:0000822;HP:0004421;HP:0004972;HP:0005117
113126,10088,169938,14,311,F329,HP:0012378;HP:0000716
113127,10088,169938,15,V1201,,
113128,10088,169938,16,4439,,
113129,10088,169938,17,2859,,
113130,10089,190301,1,431,I619,HP:0001342
113131,10089,190301,2,5070,,
113132,10089,190301,3,4019,I10;I169,HP:0000822;HP:0004421;HP:0004972;HP:0005117
113133,10089,190301,4,V4581,,
113134,10089,190301,5,41400,I2510,
113135,10090,176805,1,9693,T43501A;T43502A;T43503A;T43504A;T43591A;T43592A;T43593A;T43594A,
113136,10090,176805,2,2851,,
113137,10090,176805,3,29633,,
113138,10090,176805,4,9680,T428X1A;T428X2A;T428X3A;T428X4A,
113139,10090,176805,5,9694,T424X1A;T424X2A;T424X3A;T424X4A,
113140,10090,176805,6,E9503,,
113141,10090,176805,7,E9504,,
113142,10090,176805,8,7806,,
113160,10093,165393,1,41071,I214,HP:0000819;HP:0001997;HP:0100749;HP:0040270;HP:0001658;HP:0001645;HP:0003124;HP:0002155;HP:0001681;HP:0000822;HP:0002018;HP:0032192;HP:0000939
113161,10093,165393,2,5789,,
113162,10093,165393,3,4241,I350;I351;I352;I358;I359,HP:0004963;HP:0004942;HP:0001680;HP:0001650;HP:0001647;HP:0001659;HP:0001650;HP:0011560;HP:0001629;HP:0001718;HP:0001719;HP:0001647;HP:0001650
113163,10093,165393,4,78559,R571;R578,HP:0031274;HP:0031273
113164,10093,165393,5,27651,,
113165,10093,165393,6,2639,E46,HP:0004395
113166,10093,165393,7,5849,,
113167,10093,165393,8,4019,I10;I169,HP:0000822;HP:0004421;HP:0004972;HP:0005117
113168,10093,165393,9,4439,,
113169,10093,165393,10,41401,I2510,
113170,10094,122928,1,0389,A419,HP:0100806
113171,10094,122928,2,5070,,
113172,10094,122928,3,4280,I50814;I509,HP:0001635
113173,10094,122928,4,00845,A0471;A0472,
113174,10094,122928,5,2760,,
113175,10094,122928,6,99592,R6520,
113176,10094,122928,7,25000,E119,HP:0005978;HP:0000819;HP:0031819;HP:0000518;HP:0002591;HP:0002960;HP:0001959;HP:0000831;HP:0000103;HP:0003584;HP:0000855;HP:0009830;HP:0001993;HP:0006279
113177,10094,122928,8,2449,,
113178,10094,168074,1,2273,D352;D353,HP:0000845;HP:0000870;HP:0000280;HP:0100829;HP:0040278;HP:0001712;HP:0011760;HP:0030269;HP:0000822;HP:0000858;HP:0002893;HP:0006767;HP:0001638;HP:0002664
113179,10094,168074,2,486,J189,HP:0002090
113180,10094,168074,3,5849,,
113181,10094,168074,4,2532,E230,HP:0000164;HP:0002090;HP:0001252;HP:0002718;HP:0030680;HP:0004409;HP:0009804;HP:0000601;HP:0000821;HP:0002555;HP:0030339;HP:0000204;HP:0000044;HP:0000819;HP:0040171;HP:0001263;HP:0002225;HP:0003510;HP:0001763;HP:0000407;HP:0000218;HP:0001249;HP:0000823;HP:0012506;HP:0008850;HP:0004322;HP:0000010;HP:0002014;HP:0000324;HP:0008213;HP:0005280;HP:0000027;HP:0000054;HP:0000939;HP:0000999;HP:0001256;HP:0000031;HP:0002215;HP:0002750;HP:0000938;HP:0002173;HP:0001287;HP:0001290;HP:0001939;HP:0000271;HP:0040075;HP:0000463;HP:0003799;HP:0011220;HP:0100257;HP:0000029;HP:0000839;HP:0031079;HP:0001513;HP:0010538;HP:0030341;HP:0002743;HP:0000509;HP:0005990;HP:0000767;HP:0000789;HP:0001998;HP:0010627;HP:0000365;HP:0001250;HP:0001412;HP:0003782;HP:0008724;HP:0002007;HP:0000389;HP:0003139;HP:0000815;HP:0003729;HP:0000846;HP:0000453;HP:0000612;HP:0000024;HP:0000028;HP:0008202;HP:0000851;HP:0008214;HP:0000013;HP:0002925;HP:0008734;HP:0003095;HP:0410030;HP:0000952;HP:0000270;HP:0001335;HP:0000175;HP:0000786;HP:0011755;HP:0000458;HP:0030344;HP:0000135;HP:0000470;HP:0030260;HP:0002715;HP:0000871;HP:0001341;HP:0011800;HP:0003196;HP:0000158;HP:0003164;HP:0001274;HP:0000771;HP:0001251;HP:0001943;HP:0000490;HP:0030084;HP:0000272;HP:0008197;HP:0000122;HP:0001761;HP:0002929;HP:0003593;HP:0000824;HP:0002383;HP:0006579;HP:0000246
113182,10094,168074,5,3970,I071;I072;I078,HP:0005180;HP:0010446
113183,10094,168074,6,4280,I50814;I509,HP:0001635
113184,10094,168074,7,2760,,
113185,10094,168074,8,70706,L89509,
113186,10094,168074,9,2554,,
113187,10094,168074,10,25000,E119,HP:0005978;HP:0000819;HP:0031819;HP:0000518;HP:0002591;HP:0002960;HP:0001959;HP:0000831;HP:0000103;HP:0003584;HP:0000855;HP:0009830;HP:0001993;HP:0006279
113188,10094,168074,11,2948,F060;F068,HP:0000738;HP:0000709
113189,10094,168074,12,2449,,
113203,10098,180685,1,80375,S064X6A;S064X7A;S064X8A;S065X6A;S065X7A;S065X8A;S066X6A;S066X7A;S066X8A;S0291XB,
113204,10098,180685,2,4271,I472,HP:0001699;HP:0025478;HP:0031677;HP:0002321;HP:0001662;HP:0001279;HP:0006682;HP:0001259;HP:0031273;HP:0001657;HP:0005110;HP:0003701;HP:0004756;HP:0001695;HP:0001250;HP:0005162
113205,10098,180685,3,E8120,V4988XA,
113206,10098,180685,4,E8495,Y92410,
113207,10098,180685,5,87349,S0180XA,
113221,10101,142539,1,1628,C3480,
113222,10101,142539,2,1970,C7800,
113223,10101,142539,3,1977,C787,HP:0002664
113224,10101,142539,4,1987,C7970,
113225,10101,142539,5,1980,C7900,
113226,10101,142539,6,1976,,
113227,10101,142539,7,19889,C7989,
113228,10102,164869,1,20510,C9210,
113229,10102,164869,2,2848,,
113230,10102,164869,3,5180,J9811;J9819,
113231,10102,164869,4,5119,J918,
113232,10102,164869,5,00845,A0471;A0472,
113233,10102,164869,6,2761,,
113234,10102,164869,7,2762,,
113235,10102,164869,8,70703,L89139;L89149;L89159,
113236,10102,164869,9,5789,,
113237,10102,164869,10,2800,,
113238,10102,164869,11,7850,,
113239,10102,164869,12,79092,,
113240,10102,164869,13,28959,D733;D734;D735;D7389,HP:0025059;HP:0030423;HP:0012223
113245,10104,177678,1,5990,,
113246,10104,177678,2,2761,,
113247,10104,177678,3,78039,R569,
113248,10104,177678,4,2555,E2749,
113249,10104,177678,5,0414,,
113250,10104,177678,6,2720,E7800;E7801,
113251,10104,177678,7,4019,I10;I169,HP:0000822;HP:0004421;HP:0004972;HP:0005117
113252,10104,177678,8,49390,J45909;J45998,
113253,10104,177678,9,73300,M810,HP:0000939
113258,10106,133283,1,0543,B004,HP:0001254;HP:0005353;HP:0012302;HP:0002315;HP:0002383;HP:0001268;HP:0001250;HP:0001269;HP:0031179;HP:0002353;HP:0020098;HP:0001289;HP:0001249;HP:0002171;HP:0001287
113259,10106,133283,2,30390,F1020,
113260,10106,133283,3,49390,J45909;J45998,
113261,10106,133283,4,4019,I10;I169,HP:0000822;HP:0004421;HP:0004972;HP:0005117
113262,10106,133283,5,25000,E119,HP:0005978;HP:0000819;HP:0031819;HP:0000518;HP:0002591;HP:0002960;HP:0001959;HP:0000831;HP:0000103;HP:0003584;HP:0000855;HP:0009830;HP:0001993;HP:0006279
113287,10111,174739,1,4280,I50814;I509,HP:0001635
113288,10111,174739,2,51881,J9600;J9690,HP:0002878;HP:0012416;HP:0012416;HP:0002878
113289,10111,174739,3,42781,I495;R001,HP:0001657;HP:0001688;HP:0030682;HP:0001634;HP:0003577;HP:0001695;HP:0005110;HP:0001663;HP:0001712;HP:0011704;HP:0001659;HP:0005155;HP:0001678;HP:0001688;HP:0001662
113290,10111,174739,4,496,J449,HP:0006510
113291,10111,174739,5,42731,I4891,
113292,10111,174739,6,4241,I350;I351;I352;I358;I359,HP:0004963;HP:0004942;HP:0001680;HP:0001650;HP:0001647;HP:0001659;HP:0001650;HP:0011560;HP:0001629;HP:0001718;HP:0001719;HP:0001647;HP:0001650
113293,10111,174739,7,5849,,
113294,10111,174739,8,25000,E119,HP:0005978;HP:0000819;HP:0031819;HP:0000518;HP:0002591;HP:0002960;HP:0001959;HP:0000831;HP:0000103;HP:0003584;HP:0000855;HP:0009830;HP:0001993;HP:0006279
113295,10111,174739,9,78057,G4730,
113296,10112,188574,1,42741,,
113297,10112,188574,2,51881,J9600;J9690,HP:0002878;HP:0012416;HP:0012416;HP:0002878
113298,10112,188574,3,3481,,
113299,10112,188574,4,78003,,
113300,10112,188574,5,53081,,
113301,10112,188574,6,2967,F319,HP:0100785;HP:0003593;HP:0012378;HP:0000738;HP:0000746;HP:0002357;HP:0000716;HP:0012154;HP:0007302;HP:0100754;HP:0100786
113302,10112,188574,7,2449,,
113303,10112,188574,8,3320,G20,HP:0001263;HP:0002061;HP:0003581;HP:0000012;HP:0100660;HP:0025401;HP:0001348;HP:0002185;HP:0002375;HP:0003596;HP:0007256;HP:0000658;HP:0000738;HP:0002465;HP:0003677;HP:0031908;HP:0000725;HP:0011999;HP:0000716;HP:0002174;HP:0002304;HP:0001332;HP:0002172;HP:0002529;HP:0000739;HP:0011960;HP:0001249;HP:0002171;HP:0000256;HP:0002064;HP:0000605;HP:0003678;HP:0002007;HP:0002120;HP:0000726;HP:0000571;HP:0003587;HP:0001288;HP:0003593;HP:0000751;HP:0002063;HP:0001250;HP:0002015;HP:0002396;HP:0001939;HP:0011462;HP:0001257;HP:0002071;HP:0003676;HP:0003487;HP:0002362;HP:0004409;HP:0001337;HP:0100315;HP:0100543;HP:0001260;HP:0012332;HP:0000643;HP:0001300;HP:0002451;HP:0000298;HP:0001762;HP:0001355;HP:0002019;HP:0002067;HP:0001621;HP:0002360;HP:0001347;HP:0001824;HP:0007311;HP:0012407;HP:0001268;HP:0001278;HP:0000514;HP:0001336;HP:0031959;HP:0002548;HP:0000338;HP:0002322
113304,10112,188574,9,56210,K5730,
113319,10114,167957,1,4280,I50814;I509,HP:0001635
113320,10114,167957,2,4240,I340;I348,HP:0001653
113321,10114,167957,3,4111,I200,HP:0000822;HP:0002155;HP:0001681;HP:0100749;HP:0040270;HP:0001658;HP:0000819;HP:0000939;HP:0032192;HP:0003124;HP:0001645;HP:0001997
113322,10114,167957,4,2859,,
113323,10114,167957,5,4928,J439,HP:0002097
113324,10114,167957,6,29281,F19921,
113325,10114,167957,7,E9394,,
113326,10114,167957,8,25000,E119,HP:0005978;HP:0000819;HP:0031819;HP:0000518;HP:0002591;HP:0002960;HP:0001959;HP:0000831;HP:0000103;HP:0003584;HP:0000855;HP:0009830;HP:0001993;HP:0006279
113327,10114,167957,9,5939,N289,HP:0000112
113345,10117,105150,1,486,J189,HP:0002090
113346,10117,105150,2,99662,T827XXA,
113347,10117,105150,3,7907,R7881,
113348,10117,105150,4,51881,J9600;J9690,HP:0002878;HP:0012416;HP:0012416;HP:0002878
113349,10117,105150,5,20300,,
113350,10117,105150,6,1120,B370;B3783,HP:0010280
113351,10117,105150,7,2766,,
113352,10117,105150,8,585,,
113353,10117,105150,9,V4281,Z9481,
113354,10117,187023,1,5290,,
113355,10117,187023,2,7907,R7881,
113356,10117,187023,3,2762,,
113357,10117,187023,4,20300,,
113358,10117,187023,5,2875,,
113368,10119,157466,1,5750,,
113369,10119,157466,2,5754,,
113370,10119,157466,3,42731,I4891,
113371,10119,157466,4,7907,R7881,
113372,10119,157466,5,5770,K8590;K8591;K8592,
113373,10119,157466,6,5849,,
113374,10119,157466,7,5185,,
113375,10119,157466,8,34982,G92,HP:0001298
113376,10119,157466,9,2766,,
113377,10119,157466,10,V5861,,
113378,10119,157466,11,4019,I10;I169,HP:0000822;HP:0004421;HP:0004972;HP:0005117
113379,10119,165436,1,53240,K264,HP:0002588
113380,10119,165436,2,42731,I4891,
113381,10119,165436,3,53140,K254,HP:0002592
113382,10119,165436,4,412,,
113383,10119,165436,5,4019,I10;I169,HP:0000822;HP:0004421;HP:0004972;HP:0005117
113384,10120,193924,1,570,K7200;K762,
113385,10120,193924,2,5849,,
113386,10120,193924,3,51881,J9600;J9690,HP:0002878;HP:0012416;HP:0012416;HP:0002878
113387,10120,193924,4,3453,G40301,
113388,10120,193924,5,2866,,
113389,10120,193924,6,2762,,
113390,10120,193924,7,0389,A419,HP:0100806
113391,10120,193924,8,99592,R6520,
113392,10120,193924,9,3485,G936,HP:0002181
113393,10120,193924,10,34831,,
113394,10120,193924,11,V1259,Z8679,
113395,10120,193924,12,V667,,
113396,10120,193924,13,E9361,,
113408,10124,170883,1,51884,J9620,
113409,10124,170883,2,42833,I5033,
113410,10124,170883,3,40391,I120,HP:0004421;HP:0009741;HP:0004972;HP:0005117
113411,10124,170883,4,42731,I4891,
113412,10124,170883,5,5845,,
113413,10124,170883,6,2767,,
113414,10124,170883,7,486,J189,HP:0002090
113415,10124,170883,8,25092,E1165;E118,HP:0003584;HP:0002960;HP:0000518;HP:0000103;HP:0000855;HP:0002591;HP:0031819;HP:0005978;HP:0006279;HP:0000819;HP:0000831;HP:0009830;HP:0001993;HP:0001959
113416,10124,170883,9,03811,A4101,
113417,10124,170883,10,70705,L89309,
113418,10124,170883,11,5990,,
113419,10124,170883,12,99591,A419,HP:0100806
113420,10124,170883,13,4168,I2720;I2721;I2722;I2723;I2724;I2729;I2789,
113421,10124,170883,14,32723,,
113422,10124,170883,15,27800,E669,HP:0001513;HP:0012340;HP:0031819
113423,10124,170883,16,V5413,S32301D;S32302D;S32309D;S32311D;S32312D;S32313D;S32314D;S32315D;S32316D;S32391D;S32392D;S32399D;S32401D;S32402D;S32409D;S32411D;S32412D;S32413D;S32414D;S32415D;S32416D;S32421D;S32422D;S32423D;S32424D;S32425D;S32426D;S32431D;S32432D;S32433D;S32434D;S32435D;S32436D;S32441D;S32442D;S32443D;S32444D;S32445D;S32446D;S32451D;S32452D;S32453D;S32454D;S32455D;S32456D;S32461D;S32462D;S32463D;S32464D;S32465D;S32466D;S32471D;S32472D;S32473D;S32474D;S32475D;S32476D;S32481D;S32482D;S32483D;S32484D;S32485D;S32486D;S32491D;S32492D;S32499D;S32501D;S32502D;S32509D;S32511D;S32512D;S32519D;S32591D;S32592D;S32599D;S32601D;S32602D;S32609D;S32611D;S32612D;S32613D;S32614D;S32615D;S32616D;S32691D;S32692D;S32699D;S72001D;S72002D;S72009D;S72011D;S72012D;S72019D;S72019E;S72021D;S72022D;S72023D;S72023E;S72024D;S72025D;S72026D;S72026E;S72031D;S72032D;S72033D;S72033E;S72034D;S72035D;S72036D;S72036E;S72041D;S72042D;S72043D;S72043E;S72044D;S72045D;S72046D;S72046E;S72051D;S72052D;S72059D;S72061D;S72062D;S72063D;S72064D;S72065D;S72066D;S72091D;S72092D;S72099D;S72099E;S72101D;S72102D;S72109D;S72109E;S72111D;S72112D;S72113D;S72114D;S72115D;S72116D;S72121D;S72122D;S72123D;S72124D;S72125D;S72126D;S72131D;S72132D;S72133D;S72134D;S72135D;S72136D;S72141D;S72142D;S72143D;S72144D;S72145D;S72146D,
113424,10124,170883,17,V1251,,
113425,10124,170883,18,56400,,
113426,10124,182664,1,82021,S72143A;S72146A,
113427,10124,182664,2,42832,I5032,
113428,10124,182664,3,4280,I50814;I509,HP:0001635
113429,10124,182664,4,5990,,
113430,10124,182664,5,2851,,
113431,10124,182664,6,42731,I4891,
113432,10124,182664,7,5859,,
113433,10124,182664,8,99811,D7801;D7802;D7821;D7822;E3601;E3602;E89810;E89811;G9731;G9732;G9751;G9752;H59111;H59112;H59113;H59119;H59121;H59122;H59123;H59129;H59311;H59312;H59313;H59319;H59321;H59322;H59323;H59329;H9521;H9522;H9541;H9542;I97410;I97411;I97418;I9742;I97610;I97611;I97618;I97620;J9561;J9562;J95830;J95831;K9161;K9162;K91840;K91841;L7601;L7602;L7621;L7622;M96810;M96811;M96830;M96831;N9961;N9962;N99820;N99821,
113434,10124,182664,9,5849,,
113435,10124,182664,10,9980,,
113436,10124,182664,11,E8859,W1849XA,
113437,10124,182664,12,2449,,
113438,10124,182664,13,25000,E119,HP:0005978;HP:0000819;HP:0031819;HP:0000518;HP:0002591;HP:0002960;HP:0001959;HP:0000831;HP:0000103;HP:0003584;HP:0000855;HP:0009830;HP:0001993;HP:0006279
113439,10124,182664,14,4414,,
113440,10124,182664,15,73300,M810,HP:0000939
113441,10124,182664,16,40390,I129,HP:0009741;HP:0005117;HP:0004972;HP:0004421
113442,10124,182664,17,E8788,,
113456,10126,160445,1,570,K7200;K762,
113457,10126,160445,2,99682,T8640;T8641;T8642,
113458,10126,160445,3,5185,,
113459,10126,160445,4,5712,K7030,
113460,10126,160445,5,2867,D6832;D684,HP:0008169;HP:0002621;HP:0008321;HP:0011858;HP:0008151;HP:0000421;HP:0001102;HP:0000973;HP:0001892
113461,10126,160445,6,07032,B181,HP:0012115;HP:0006562
113462,10126,160445,7,5845,,
113463,10126,160445,8,4168,I2720;I2721;I2722;I2723;I2724;I2729;I2789,
113464,10126,160445,9,28959,D733;D734;D735;D7389,HP:0025059;HP:0030423;HP:0012223
113465,10126,160445,10,5750,,
113466,10126,160445,11,5121,J95811,
113467,10126,160445,12,56881,,
113468,10126,160445,13,4280,I50814;I509,HP:0001635
113469,10126,160445,14,5762,,
113470,10127,182839,1,80601,S12000A;S12001A;S12100A;S12101A;S12200A;S12201A;S12300A;S12301A;S14111A;S14112A;S14113A;S14114A,
113471,10127,182839,2,82101,S72309A,
113472,10127,182839,3,5185,,
113473,10127,182839,4,486,J189,HP:0002090
113474,10127,182839,5,80102,S02101A;S02102A;S02109A,
113475,10127,182839,6,99813,D7833;D7834;E89822;E89823;G9763;G9764;H59351;H59352;H59353;H59359;H59361;H59362;H59363;H59369;H9553;H9554;I97622;I97640;I97641;I97648;J95862;J95863;K91872;K91873;L7633;L7634;M96842;M96843;N99842;N99843;T888XXA,
113476,10127,182839,7,34401,,
113477,10127,182839,8,E8231,V471XXA,
113478,10127,182839,9,3361,G9519,
113479,10127,182839,10,8730,S0100XA,
113480,10127,182839,11,42789,R001;I498,HP:0001688;HP:0001662;HP:0011710;HP:0004756;HP:0002094;HP:0001645;HP:0012272;HP:0004749;HP:0012378;HP:0011712;HP:0001279;HP:0001663;HP:0004308;HP:0001649;HP:0012251;HP:0001695;HP:0001662;HP:0011705;HP:0001699;HP:0012232;HP:0001962;HP:0012248;HP:0005110;HP:0031972
113481,10127,182839,12,8020,S022XXA,
113482,10127,182839,13,1122,B3742;B3749,
113483,10127,182839,14,37950,,
113484,10127,182839,15,7806,,
113499,10130,156668,1,56981,K632,HP:0100819
113500,10130,156668,2,5672,,
113501,10130,156668,3,0389,A419,HP:0100806
113502,10130,156668,4,2761,,
113503,10130,156668,5,1977,C787,HP:0002664
113504,10130,156668,6,1976,,
113505,10130,156668,7,261,E41;E43,HP:0012828;HP:0004395;HP:0004395;HP:0012828
113506,10130,156668,8,V1005,Z85038,
113507,10130,156668,9,25000,E119,HP:0005978;HP:0000819;HP:0031819;HP:0000518;HP:0002591;HP:0002960;HP:0001959;HP:0000831;HP:0000103;HP:0003584;HP:0000855;HP:0009830;HP:0001993;HP:0006279
113516,10132,197611,1,1124,B371,HP:0002090
113517,10132,197611,2,41519,I2699,
113518,10132,197611,3,0389,A419,HP:0100806
113519,10132,197611,4,99591,A419,HP:0100806
113520,10132,197611,5,1983,C7931,
113521,10132,197611,6,41071,I214,HP:0000819;HP:0001997;HP:0100749;HP:0040270;HP:0001658;HP:0001645;HP:0003124;HP:0002155;HP:0001681;HP:0000822;HP:0002018;HP:0032192;HP:0000939
113522,10132,197611,7,5121,J95811,
113523,10132,197611,8,1622,C3400,
113524,10132,197611,9,V1042,,
379786,40124,126179,1,486,J189,HP:0002090
379787,40124,126179,2,5849,,
379788,40124,126179,3,1628,C3480,
379789,40124,126179,4,27651,,
379790,40124,126179,5,2859,,
379791,40124,126179,6,496,J449,HP:0006510
379792,40124,126179,7,4019,I10;I169,HP:0000822;HP:0004421;HP:0004972;HP:0005117
379793,40124,146893,1,486,J189,HP:0002090
379794,40124,146893,2,51881,J9600;J9690,HP:0002878;HP:0012416;HP:0012416;HP:0002878
379795,40124,146893,3,5849,,
379796,40124,146893,4,1628,C3480,
379797,40124,146893,5,496,J449,HP:0006510
379798,40124,146893,6,2859,,
379799,40124,146893,7,7821,,
379897,40177,198480,1,5761,K830,HP:0001394;HP:0001945;HP:0002027;HP:0000952;HP:0002611;HP:0000112;HP:0030151;HP:0001395;HP:0001969;HP:0025143;HP:0002910;HP:0012622
379898,40177,198480,2,5849,,
379899,40177,198480,3,5770,K8590;K8591;K8592,
379900,40177,198480,4,57471,K8065,
379901,40177,198480,5,5180,J9811;J9819,
379902,40177,198480,6,5119,J918,
379903,40177,198480,7,2762,,
379904,40177,198480,8,570,K7200;K762,
379905,40177,198480,9,0389,A419,HP:0100806
379906,40177,198480,10,99592,R6520,
379907,40177,198480,11,2851,,
379908,40177,198480,12,41071,I214,HP:0000819;HP:0001997;HP:0100749;HP:0040270;HP:0001658;HP:0001645;HP:0003124;HP:0002155;HP:0001681;HP:0000822;HP:0002018;HP:0032192;HP:0000939
379909,40177,198480,13,27651,,
379910,40177,198480,14,2767,,
379911,40177,198480,15,3659,,
379912,40177,198480,16,2724,E784;E785,HP:0003124;HP:0031800;HP:0003077;HP:0003362;HP:0001658;HP:0003141;HP:0001114;HP:0031798;HP:0003077
379913,40177,198480,17,4019,I10;I169,HP:0000822;HP:0004421;HP:0004972;HP:0005117
379914,40177,198480,18,V4581,,
379915,40177,198480,19,41400,I2510,
380040,40204,175237,1,5990,,
380041,40204,175237,2,486,J189,HP:0002090
380042,40204,175237,3,42822,I5022,
380043,40204,175237,4,40391,I120,HP:0004421;HP:0009741;HP:0004972;HP:0005117
380044,40204,175237,5,5856,,
380045,40204,175237,6,58881,,
380046,40204,175237,7,0414,,
380047,40204,175237,8,78009,R400;R401,HP:0002329
380048,40204,175237,9,4280,I50814;I509,HP:0001635
380049,40204,175237,10,V4511,,
380050,40204,175237,11,25000,E119,HP:0005978;HP:0000819;HP:0031819;HP:0000518;HP:0002591;HP:0002960;HP:0001959;HP:0000831;HP:0000103;HP:0003584;HP:0000855;HP:0009830;HP:0001993;HP:0006279
380051,40204,175237,12,41401,I2510,
380052,40204,175237,13,496,J449,HP:0006510
380053,40204,175237,14,71946,M25569,
380054,40204,175237,15,V0254,,
380292,40277,127703,1,85206,S066X9A,
380293,40277,127703,2,2761,,
380294,40277,127703,3,85306,S06369A,
380295,40277,127703,4,E8889,W19XXXA,
380296,40277,127703,5,496,J449,HP:0006510
380297,40277,127703,6,2768,,
380298,40277,127703,7,7861,,
380299,40277,127703,8,4019,I10;I169,HP:0000822;HP:0004421;HP:0004972;HP:0005117
380300,40277,127703,9,30000,,
380301,40277,127703,10,V1302,,
380302,40286,109698,1,71615,M12559,
380303,40286,109698,2,2851,,
380304,40286,109698,3,2930,F05,HP:0031258
380305,40286,109698,4,3488,,
380306,40286,109698,5,4019,I10;I169,HP:0000822;HP:0004421;HP:0004972;HP:0005117
380307,40286,109698,6,42731,I4891,
380308,40286,109698,7,2449,,
380309,40286,109698,8,45829,I952;I9581,HP:0002615
380310,40286,109698,9,E9352,,
380311,40286,109698,10,78603,,
380312,40286,109698,11,2768,,
380367,40304,174997,1,1961,,
380368,40304,174997,2,5849,,
380369,40304,174997,3,42833,I5033,
380370,40304,174997,4,486,J189,HP:0002090
380371,40304,174997,5,5180,J9811;J9819,
380372,40304,174997,6,2760,,
380373,40304,174997,7,9341,T17500A;T17508A;T17510A;T17518A;T17520A;T17528A;T17590A;T17598A,
380374,40304,174997,8,20280,C8580;C8589,
380375,40304,174997,9,4280,I50814;I509,HP:0001635
380376,40304,174997,10,42731,I4891,
380377,40304,174997,11,5859,,
380378,40304,174997,12,28521,D631,HP:0001903;HP:0011010
380379,40304,174997,13,4439,,
380380,40304,174997,14,4241,I350;I351;I352;I358;I359,HP:0004963;HP:0004942;HP:0001680;HP:0001650;HP:0001647;HP:0001659;HP:0001650;HP:0011560;HP:0001629;HP:0001718;HP:0001719;HP:0001647;HP:0001650
380381,40304,174997,15,2749,M109,HP:0003149;HP:0002149;HP:0002829;HP:0000083;HP:0001854;HP:0001997;HP:0000787
380382,40304,174997,16,32723,,
380383,40304,174997,17,V5861,,
380384,40304,174997,18,V1011,Z85118,
380434,40310,157609,1,20280,C8580;C8589,
380435,40310,157609,2,70724,,
380436,40310,157609,3,51881,J9600;J9690,HP:0002878;HP:0012416;HP:0012416;HP:0002878
380437,40310,157609,4,48241,,
380438,40310,157609,5,4271,I472,HP:0001699;HP:0025478;HP:0031677;HP:0002321;HP:0001662;HP:0001279;HP:0006682;HP:0001259;HP:0031273;HP:0001657;HP:0005110;HP:0003701;HP:0004756;HP:0001695;HP:0001250;HP:0005162
380439,40310,157609,6,20020,C8370;C8379,
380440,40310,157609,7,70703,L89139;L89149;L89159,
380441,40310,157609,8,2530,E220,HP:0000870;HP:0001833;HP:0001176;HP:0000280;HP:0002893;HP:0030269;HP:0000858;HP:0000845;HP:0025267;HP:0500001;HP:0001712;HP:0000098;HP:0001638;HP:0010535;HP:0005616;HP:0011760;HP:0001714;HP:0000956;HP:0006767;HP:0100829;HP:0002591;HP:0000822;HP:0040278
380442,40310,157609,9,V8741,,
380443,40310,157609,10,2273,D352;D353,HP:0000845;HP:0000870;HP:0000280;HP:0100829;HP:0040278;HP:0001712;HP:0011760;HP:0030269;HP:0000822;HP:0000858;HP:0002893;HP:0006767;HP:0001638;HP:0002664
380444,40310,157609,11,56409,K5903;K5904;K5909,
380445,40310,157609,12,6930,L270;L271,HP:0000988;HP:0000988
380446,40310,157609,13,2753,E8330;E8331;E8332;E8339,
380447,40310,157609,14,7868,,
380448,40310,157609,15,V1204,,
380449,40310,157609,16,V1251,,
380450,40310,157609,17,E9308,,
380451,40310,186361,1,20020,C8370;C8379,
380452,40310,186361,2,51881,J9600;J9690,HP:0002878;HP:0012416;HP:0012416;HP:0002878
380453,40310,186361,3,27788,,
380454,40310,186361,4,5845,,
380455,40310,186361,5,48242,,
380456,40310,186361,6,70724,,
380457,40310,186361,7,28489,D611;D612;D6189,HP:0001915;HP:0005528;HP:0005528;HP:0001915
380458,40310,186361,8,4830,,
380459,40310,186361,9,45341,I82419;I82429;I82439;I824Y9,
380460,40310,186361,10,5121,J95811,
380461,40310,186361,11,2764,,
380462,40310,186361,12,5180,J9811;J9819,
380463,40310,186361,13,45381,I82619,
380464,40310,186361,14,35782,,
380465,40310,186361,15,2530,E220,HP:0000870;HP:0001833;HP:0001176;HP:0000280;HP:0002893;HP:0030269;HP:0000858;HP:0000845;HP:0025267;HP:0500001;HP:0001712;HP:0000098;HP:0001638;HP:0010535;HP:0005616;HP:0011760;HP:0001714;HP:0000956;HP:0006767;HP:0100829;HP:0002591;HP:0000822;HP:0040278
380466,40310,186361,16,2273,D352;D353,HP:0000845;HP:0000870;HP:0000280;HP:0100829;HP:0040278;HP:0001712;HP:0011760;HP:0030269;HP:0000822;HP:0000858;HP:0002893;HP:0006767;HP:0001638;HP:0002664
380467,40310,186361,17,70703,L89139;L89149;L89159,
380468,40310,186361,18,28800,,
380469,40310,186361,19,37000,H16009,
380470,40310,186361,20,78820,,
380471,40310,186361,21,4940,,
380472,40310,186361,22,3510,,
380473,40310,186361,23,27542,,
380474,40310,186361,24,6039,,
380475,40310,186361,25,60490,N451;N452;N453,
380476,40310,186361,26,2767,,
380477,40310,186361,27,2753,E8330;E8331;E8332;E8339,
380478,40310,186361,28,71589,M158;M153,HP:0002758;HP:0008843;HP:0001369;HP:0002644;HP:0002758;HP:0002644;HP:0008843;HP:0001369
380479,40310,186361,29,7850,,
380480,40310,186361,30,52801,K1231;K1233,
380481,40310,186361,31,28803,D701;D702,
380482,40310,186361,32,E9331,,
380483,40310,186361,33,V600,Z590,
380484,40310,186361,34,56409,K5903;K5904;K5909,
380485,40310,186361,35,E8781,,
380486,40310,186361,36,45829,I952;I9581,HP:0002615
380940,40456,161765,1,42823,I5023,
380941,40456,161765,2,4280,I50814;I509,HP:0001635
380942,40456,161765,3,4240,I340;I348,HP:0001653
380943,40456,161765,4,42789,R001;I498,HP:0001688;HP:0001662;HP:0011710;HP:0004756;HP:0002094;HP:0001645;HP:0012272;HP:0004749;HP:0012378;HP:0011712;HP:0001279;HP:0001663;HP:0004308;HP:0001649;HP:0012251;HP:0001695;HP:0001662;HP:0011705;HP:0001699;HP:0012232;HP:0001962;HP:0012248;HP:0005110;HP:0031972
380944,40456,161765,5,41401,I2510,
380945,40456,161765,6,2859,,
380946,40456,161765,7,V1251,,
380947,40456,161765,8,V5861,,
380948,40456,161765,9,2811,D511;D513;D518,HP:0000093;HP:0001889;HP:0001289;HP:0200118;HP:0003474;HP:0003401;HP:0011463;HP:0000726;HP:0100502;HP:0100502;HP:0001903;HP:0001903
381234,40503,168803,1,41071,I214,HP:0000819;HP:0001997;HP:0100749;HP:0040270;HP:0001658;HP:0001645;HP:0003124;HP:0002155;HP:0001681;HP:0000822;HP:0002018;HP:0032192;HP:0000939
381235,40503,168803,2,42821,I5021,
381236,40503,168803,3,2761,,
381237,40503,168803,4,78551,,
381238,40503,168803,5,4280,I50814;I509,HP:0001635
381239,40503,168803,6,42731,I4891,
381240,40503,168803,7,25000,E119,HP:0005978;HP:0000819;HP:0031819;HP:0000518;HP:0002591;HP:0002960;HP:0001959;HP:0000831;HP:0000103;HP:0003584;HP:0000855;HP:0009830;HP:0001993;HP:0006279
381241,40503,168803,8,7213,M47817,
381242,40503,168803,9,2721,,
381243,40503,168803,10,4019,I10;I169,HP:0000822;HP:0004421;HP:0004972;HP:0005117
381244,40503,168803,11,73730,M4120,HP:0002751;HP:0002650
381245,40503,168803,12,725,,
381246,40503,168803,13,41401,I2510,
381247,40503,168803,14,4240,I340;I348,HP:0001653
381709,40595,116518,1,53084,J860,HP:0011919
381710,40595,116518,2,51881,J9600;J9690,HP:0002878;HP:0012416;HP:0012416;HP:0002878
381711,40595,116518,3,99659,T85398A;T85590A;T85692A;T85698A,
381712,40595,116518,4,1629,C3490,
381713,40595,116518,5,5119,J918,
381714,40595,116518,6,5180,J9811;J9819,
381715,40595,116518,7,42732,I4892,
381716,40595,116518,8,00845,A0471;A0472,
381717,40595,116518,9,99731,,
381718,40595,116518,10,48242,,
381719,40595,116518,11,51919,J398;J9809,
381720,40595,116518,12,E8781,,
381721,40595,116518,13,53089,K228,
381722,40595,116518,14,42731,I4891,
381723,40595,116518,15,4011,I10,HP:0000822;HP:0004421;HP:0004972;HP:0005117
381724,40595,116518,16,V103,,
381725,40595,116518,17,V0254,,
381726,40595,116518,18,78724,,
381727,40595,116518,19,4240,I340;I348,HP:0001653
381728,40595,116518,20,2859,,
381729,40595,116518,21,79029,R7303;R7309,
381730,40595,116518,22,V5861,,
381731,40595,116518,23,V8741,,
381732,40595,116518,24,V153,,
381779,40601,182879,1,41001,I2109,
381780,40601,182879,2,42821,I5021,
381781,40601,182879,3,78551,,
381782,40601,182879,4,5990,,
381783,40601,182879,5,4280,I50814;I509,HP:0001635
381784,40601,182879,6,41401,I2510,
381785,40601,182879,7,4019,I10;I169,HP:0000822;HP:0004421;HP:0004972;HP:0005117
381786,40601,182879,8,27801,E6601,
381787,40601,182879,9,49390,J45909;J45998,
381788,40601,182879,10,42731,I4891,
381789,40601,182879,11,2724,E784;E785,HP:0003124;HP:0031800;HP:0003077;HP:0003362;HP:0001658;HP:0003141;HP:0001114;HP:0031798;HP:0003077
381829,40612,104697,1,5750,,
381830,40612,104697,2,0389,A419,HP:0100806
381831,40612,104697,3,99591,A419,HP:0100806
381832,40612,104697,4,5601,K560;K567,HP:0002019;HP:0001561;HP:0002027;HP:0000126;HP:0003270;HP:0004389;HP:0002590;HP:0004395;HP:0002015;HP:0000076;HP:0004388;HP:0002251;HP:0002013;HP:0000021;HP:0000016;HP:0002014;HP:0001733;HP:0002595
381833,40612,104697,5,4280,I50814;I509,HP:0001635
381834,40612,104697,6,496,J449,HP:0006510
381835,40612,104697,7,34590,G40901;G40909,
381836,40612,104697,8,2948,F060;F068,HP:0000738;HP:0000709
381837,40612,104697,9,33385,,
381838,40612,104697,10,E9479,,
381839,40612,104697,11,29570,F259,HP:0000738;HP:0410291;HP:0100753;HP:0007086;HP:0002353;HP:0000746
381952,40655,126002,1,0388,A4189,
381953,40655,126002,2,5849,,
381954,40655,126002,3,6826,L03119;L03129,
381955,40655,126002,4,5854,,
381956,40655,126002,5,53551,K2971;K2991,
381957,40655,126002,6,42822,I5022,
381958,40655,126002,7,70714,L97409,
381959,40655,126002,8,99591,A419,HP:0100806
381960,40655,126002,9,40390,I129,HP:0009741;HP:0005117;HP:0004972;HP:0004421
381961,40655,126002,10,42781,I495;R001,HP:0001657;HP:0001688;HP:0030682;HP:0001634;HP:0003577;HP:0001695;HP:0005110;HP:0001663;HP:0001712;HP:0011704;HP:0001659;HP:0005155;HP:0001678;HP:0001688;HP:0001662
381962,40655,126002,11,4280,I50814;I509,HP:0001635
381963,40655,126002,12,41400,I2510,
381964,40655,126002,13,25002,E1165,
381965,40655,126002,14,45981,I872,HP:0011010;HP:0005293
381966,40655,126002,15,2768,,
381967,40655,126002,16,2724,E784;E785,HP:0003124;HP:0031800;HP:0003077;HP:0003362;HP:0001658;HP:0003141;HP:0001114;HP:0031798;HP:0003077
381968,40655,126002,17,28529,D638,HP:0011010;HP:0001903
381969,40655,126002,18,V4581,,
382063,40687,129273,1,51881,J9600;J9690,HP:0002878;HP:0012416;HP:0012416;HP:0002878
382064,40687,129273,2,486,J189,HP:0002090
382065,40687,129273,3,2760,,
382066,40687,129273,4,45340,I82409,
382067,40687,129273,5,2841,,
382068,40687,129273,6,1985,C7951;C7952,
382069,40687,129273,7,1970,C7800,
382070,40687,129273,8,1972,,
382071,40687,129273,9,1976,,
382072,40687,129273,10,1961,,
382073,40687,129273,11,1965,,
382074,40687,129273,12,E9331,,
382075,40687,129273,13,4019,I10;I169,HP:0000822;HP:0004421;HP:0004972;HP:0005117
382076,40687,129273,14,2720,E7800;E7801,
382077,40687,129273,15,V103,,
387245,41795,118192,1,51881,J9600;J9690,HP:0002878;HP:0012416;HP:0012416;HP:0002878
387246,41795,118192,2,49121,J441,HP:0011009;HP:0011010
387247,41795,118192,3,42832,I5032,
387248,41795,118192,4,29562,F205,HP:0002353;HP:0000746;HP:0100753;HP:0000738;HP:0007086;HP:0410291
387249,41795,118192,5,70712,L97209,
387250,41795,118192,6,4280,I50814;I509,HP:0001635
387251,41795,118192,7,4240,I340;I348,HP:0001653
387252,41795,118192,8,42731,I4891,
387253,41795,118192,9,27801,E6601,
387254,41795,118192,10,45981,I872,HP:0011010;HP:0005293
387255,41795,118192,11,2875,,
387256,41795,118192,12,4168,I2720;I2721;I2722;I2723;I2724;I2729;I2789,
387257,41795,118192,13,32723,,
387258,41795,118192,14,V433,Z952,
387259,41795,118192,15,V5867,,
387260,41795,118192,16,2768,,
387261,41795,118192,17,25002,E1165,
387262,41795,138132,1,51881,J9600;J9690,HP:0002878;HP:0012416;HP:0012416;HP:0002878
387263,41795,138132,2,49121,J441,HP:0011009;HP:0011010
387264,41795,138132,3,42833,I5033,
387265,41795,138132,4,486,J189,HP:0002090
387266,41795,138132,5,2761,,
387267,41795,138132,6,29562,F205,HP:0002353;HP:0000746;HP:0100753;HP:0000738;HP:0007086;HP:0410291
387268,41795,138132,7,2841,,
387269,41795,138132,8,2762,,
387270,41795,138132,9,4280,I50814;I509,HP:0001635
387271,41795,138132,10,45829,I952;I9581,HP:0002615
387272,41795,138132,11,25000,E119,HP:0005978;HP:0000819;HP:0031819;HP:0000518;HP:0002591;HP:0002960;HP:0001959;HP:0000831;HP:0000103;HP:0003584;HP:0000855;HP:0009830;HP:0001993;HP:0006279
387273,41795,138132,12,4019,I10;I169,HP:0000822;HP:0004421;HP:0004972;HP:0005117
387274,41795,138132,13,V433,Z952,
387275,41795,138132,14,V4581,,
387276,41795,138132,15,3051,F17200,
387277,41795,138132,16,V5867,,
387278,41795,138132,17,45981,I872,HP:0011010;HP:0005293
387279,41795,138132,18,32723,,
387280,41795,138132,19,79092,,
387281,41795,138132,20,E9342,,
387282,41795,138132,21,V5861,,
387283,41795,138132,22,27801,E6601,
387628,41914,101361,1,99731,,
387629,41914,101361,2,51884,J9620,
387630,41914,101361,3,5180,J9811;J9819,
387631,41914,101361,4,5119,J918,
387632,41914,101361,5,V4611,Z9911,
387633,41914,101361,6,5849,,
387634,41914,101361,7,3481,,
387635,41914,101361,8,99682,T8640;T8641;T8642,
387636,41914,101361,9,99592,R6520,
387637,41914,101361,10,03843,A4152,
387638,41914,101361,11,03849,A4159,
387639,41914,101361,12,V551,,
387640,41914,101361,13,4239,I319,HP:0001701
387641,41914,101361,14,490,,
387642,41914,101361,15,70707,L89609,
387643,41914,101361,16,70720,,
387644,41914,101361,17,70705,L89309,
387645,41914,101361,18,70722,,
387646,41914,101361,19,30390,F1020,
387647,41914,101361,20,5728,K7290;K7210,
387648,41914,101361,21,2859,,
387649,41914,101361,22,4739,,
387650,41914,101361,23,4019,I10;I169,HP:0000822;HP:0004421;HP:0004972;HP:0005117
387651,41914,101361,24,2724,E784;E785,HP:0003124;HP:0031800;HP:0003077;HP:0003362;HP:0001658;HP:0003141;HP:0001114;HP:0031798;HP:0003077
387652,41914,101361,25,25000,E119,HP:0005978;HP:0000819;HP:0031819;HP:0000518;HP:0002591;HP:0002960;HP:0001959;HP:0000831;HP:0000103;HP:0003584;HP:0000855;HP:0009830;HP:0001993;HP:0006279
387653,41914,101361,26,V5867,,
387654,41914,101361,27,V550,,
387655,41914,101361,28,V5419,S020XXD;S02101D;S02102D;S02109D;S02110D;S02111D;S02112D;S02113D;S02118D;S02119D;S0211AD;S0211BD;S0211CD;S0211DD;S0211ED;S0211FD;S0211GD;S0211HD;S0219XD;S022XXD;S0230XD;S0231XD;S0232XD;S02400D;S02401D;S02402D;S0240AD;S0240BD;S0240CD;S0240DD;S0240ED;S0240FD;S02411D;S02412D;S02413D;S0242XD;S025XXD;S02600D;S02601D;S02602D;S02609D;S02610D;S02611D;S02612D;S02620D;S02621D;S02622D;S02630D;S02631D;S02632D;S02640D;S02641D;S02642D;S02650D;S02651D;S02652D;S0266XD;S02670D;S02671D;S02672D;S0269XD;S0280XD;S0281XD;S0282XD;S0291XD;S0292XD;S128XXD;S2220XD;S2221XD;S2222XD;S2223XD;S2224XD;S2231XD;S2232XD;S2239XD;S2241XD;S2242XD;S2243XD;S2249XD;S225XXD;S229XXD;S3210XD;S32110D;S32111D;S32112D;S32119D;S32120D;S32121D;S32122D;S32129D;S32130D;S32131D;S32132D;S32139D;S3214XD;S3215XD;S3216XD;S3217XD;S3219XD;S322XXD;S32810D;S32811D;S3282XD;S3289XD;S329XXD;S42001D;S42002D;S42009D;S42011D;S42012D;S42013D;S42014D;S42015D;S42016D;S42017D;S42018D;S42019D;S42021D;S42022D;S42023D;S42024D;S42025D;S42026D;S42031D;S42032D;S42033D;S42034D;S42035D;S42036D,
387656,41914,101361,29,V5411,S42101D;S42102D;S42109D;S42111D;S42112D;S42113D;S42114D;S42115D;S42116D;S42121D;S42122D;S42123D;S42124D;S42125D;S42126D;S42131D;S42132D;S42133D;S42134D;S42135D;S42136D;S42141D;S42142D;S42143D;S42144D;S42145D;S42146D;S42151D;S42152D;S42153D;S42154D;S42155D;S42156D;S42191D;S42192D;S42199D;S42201D;S42202D;S42209D;S42211D;S42212D;S42213D;S42214D;S42215D;S42216D;S42221D;S42222D;S42223D;S42224D;S42225D;S42226D;S42231D;S42232D;S42239D;S42241D;S42242D;S42249D;S42251D;S42252D;S42253D;S42254D;S42255D;S42256D;S42261D;S42262D;S42263D;S42264D;S42265D;S42266D;S42271D;S42272D;S42279D;S42291D;S42292D;S42293D;S42294D;S42295D;S42296D;S42301D;S42302D;S42309D;S42311D;S42312D;S42319D;S42321D;S42322D;S42323D;S42324D;S42325D;S42326D;S42331D;S42332D;S42333D;S42334D;S42335D;S42336D;S42341D;S42342D;S42343D;S42344D;S42345D;S42346D;S42351D;S42352D;S42353D;S42354D;S42355D;S42356D;S42361D;S42362D;S42363D;S42364D;S42365D;S42366D;S42391D;S42392D;S42399D;S42401D;S42402D;S42409D;S42411D;S42412D;S42413D;S42414D;S42415D;S42416D;S42421D;S42422D;S42423D;S42424D;S42425D;S42426D;S42431D;S42432D;S42433D;S42434D;S42435D;S42436D;S42441D;S42442D;S42443D;S42444D;S42445D;S42446D;S42447D;S42448D;S42449D;S42451D;S42452D;S42453D;S42454D;S42455D;S42456D;S42461D;S42462D;S42463D;S42464D;S42465D;S42466D;S42471D;S42472D;S42473D;S42474D;S42475D;S42476D;S42481D;S42482D;S42489D;S42491D;S42492D;S42493D;S42494D;S42495D;S42496D;S4290XD;S4291XD;S4292XD;S49001D;S49002D;S49009D;S49011D;S49012D;S49019D;S49021D;S49022D;S49029D;S49031D;S49032D;S49039D;S49041D;S49042D;S49049D;S49091D;S49092D;S49099D;S49101D;S49102D;S49109D;S49111D;S49112D;S49119D;S49121D;S49122D;S49129D;S49131D;S49132D;S49139D;S49141D;S49142D;S49149D;S49191D;S49192D;S49199D,
387657,41914,101361,30,E9290,V870XXS;V871XXS;V872XXS;V873XXS;V874XXS;V875XXS;V876XXS;V877XXS;V878XXS;V879XXS;V892XXS;V893XXS;V899XXS,
387658,41914,101361,31,V1582,Z87891,
387922,41976,125013,1,03849,A4159,
387923,41976,125013,2,78552,R6521,
387924,41976,125013,3,5849,,
387925,41976,125013,4,5990,,
387926,41976,125013,5,2760,,
387927,41976,125013,6,99592,R6520,
387928,41976,125013,7,78820,,
387929,41976,125013,8,70703,L89139;L89149;L89159,
387930,41976,125013,9,70720,,
387931,41976,125013,10,4019,I10;I169,HP:0000822;HP:0004421;HP:0004972;HP:0005117
387932,41976,125013,11,2449,,
387933,41976,125013,12,25060,E1140,
387934,41976,125013,13,3572,E0842;E0942;E1342;E1042;E1142,
387935,41976,125013,14,2724,E784;E785,HP:0003124;HP:0031800;HP:0003077;HP:0003362;HP:0001658;HP:0003141;HP:0001114;HP:0031798;HP:0003077
387936,41976,125013,15,2859,,
387937,41976,125013,16,311,F329,HP:0012378;HP:0000716
387938,41976,125013,17,42731,I4891,
387939,41976,125013,18,V5861,,
387940,41976,125013,19,V1254,,
387941,41976,125013,20,V440,,
387942,41976,125013,21,53081,,
387943,41976,125449,1,0389,A419,HP:0100806
387944,41976,125449,2,5070,,
387945,41976,125449,3,51881,J9600;J9690,HP:0002878;HP:0012416;HP:0012416;HP:0002878
387946,41976,125449,4,5849,,
387947,41976,125449,5,99592,R6520,
387948,41976,125449,6,4019,I10;I169,HP:0000822;HP:0004421;HP:0004972;HP:0005117
387949,41976,125449,7,25000,E119,HP:0005978;HP:0000819;HP:0031819;HP:0000518;HP:0002591;HP:0002960;HP:0001959;HP:0000831;HP:0000103;HP:0003584;HP:0000855;HP:0009830;HP:0001993;HP:0006279
387950,41976,125449,8,2449,,
387951,41976,125449,9,2859,,
387952,41976,125449,10,53081,,
387953,41976,125449,11,70703,L89139;L89149;L89159,
387954,41976,125449,12,70721,,
387955,41976,130681,1,0389,A419,HP:0100806
387956,41976,130681,2,78552,R6521,
387957,41976,130681,3,5849,,
387958,41976,130681,4,2760,,
387959,41976,130681,5,99592,R6520,
387960,41976,130681,6,42731,I4891,
387961,41976,130681,7,59970,,
387962,41976,130681,8,5989,,
387963,41976,145024,1,53642,,
387964,41976,145024,2,5990,,
387965,41976,145024,3,3441,G8220,
387966,41976,145024,4,51909,J9503;J9501;J9504;J9509,
387967,41976,145024,5,3572,E0842;E0942;E1342;E1042;E1142,
387968,41976,145024,6,E8798,Y848,
387969,41976,145024,7,43853,I69965,
387970,41976,145024,8,43810,I69928,
387971,41976,145024,9,42731,I4891,
387972,41976,145024,10,V5861,,
387973,41976,145024,11,25060,E1140,
387974,41976,145024,12,4439,,
387975,41976,145024,13,4019,I10;I169,HP:0000822;HP:0004421;HP:0004972;HP:0005117
387976,41976,145024,14,2449,,
387977,41976,145024,15,311,F329,HP:0012378;HP:0000716
387978,41976,145024,16,2724,E784;E785,HP:0003124;HP:0031800;HP:0003077;HP:0003362;HP:0001658;HP:0003141;HP:0001114;HP:0031798;HP:0003077
387979,41976,145024,17,V5867,,
387980,41976,145024,18,V4984,,
387981,41976,149469,1,0389,A419,HP:0100806
387982,41976,149469,2,5070,,
387983,41976,149469,3,70723,,
387984,41976,149469,4,5990,,
387985,41976,149469,5,3441,G8220,
387986,41976,149469,6,2760,,
387987,41976,149469,7,99591,A419,HP:0100806
387988,41976,149469,8,43853,I69965,
387989,41976,149469,9,7810,R252;R250;R251;R253;R259,HP:0002457;HP:0001337;HP:0010546;HP:0002380
387990,41976,149469,10,V440,,
387991,41976,149469,11,V444,,
387992,41976,149469,12,70703,L89139;L89149;L89159,
387993,41976,149469,13,4019,I10;I169,HP:0000822;HP:0004421;HP:0004972;HP:0005117
387994,41976,149469,14,2449,,
387995,41976,149469,15,25000,E119,HP:0005978;HP:0000819;HP:0031819;HP:0000518;HP:0002591;HP:0002960;HP:0001959;HP:0000831;HP:0000103;HP:0003584;HP:0000855;HP:0009830;HP:0001993;HP:0006279
387996,41976,149469,16,V5867,,
387997,41976,149469,17,3569,G609,HP:0009830;HP:0030646
387998,41976,149469,18,V442,,
387999,41976,149469,19,42731,I4891,
388000,41976,149469,20,V5861,,
388001,41976,149469,21,4439,,
388002,41976,149469,22,2724,E784;E785,HP:0003124;HP:0031800;HP:0003077;HP:0003362;HP:0001658;HP:0003141;HP:0001114;HP:0031798;HP:0003077
388003,41976,149469,23,V1582,Z87891,
388004,41976,149469,24,311,F329,HP:0012378;HP:0000716
388005,41976,151798,1,03849,A4159,
388006,41976,151798,2,78552,R6521,
388007,41976,151798,3,5849,,
388008,41976,151798,4,5990,,
388009,41976,151798,5,2760,,
388010,41976,151798,6,99592,R6520,
388011,41976,151798,7,25062,E1165;E1140,
388012,41976,151798,8,3572,E0842;E0942;E1342;E1042;E1142,
388013,41976,151798,9,4019,I10;I169,HP:0000822;HP:0004421;HP:0004972;HP:0005117
388014,41976,151798,10,2449,,
388015,41976,151798,11,70703,L89139;L89149;L89159,
388016,41976,151798,12,70722,,
388017,41976,151798,13,42731,I4891,
388018,41976,151798,14,311,F329,HP:0012378;HP:0000716
388019,41976,151798,15,43810,I69928,
388020,41976,151798,16,V5861,,
388021,41976,151798,17,V440,,
388022,41976,152032,1,486,J189,HP:0002090
388023,41976,152032,2,70723,,
388024,41976,152032,3,5990,,
388025,41976,152032,4,1120,B370;B3783,HP:0010280
388026,41976,152032,5,0417,,
388027,41976,152032,6,70703,L89139;L89149;L89159,
388028,41976,152032,7,42731,I4891,
388029,41976,152032,8,2449,,
388030,41976,152032,9,25060,E1140,
388031,41976,152032,10,3572,E0842;E0942;E1342;E1042;E1142,
388032,41976,152032,11,2724,E784;E785,HP:0003124;HP:0031800;HP:0003077;HP:0003362;HP:0001658;HP:0003141;HP:0001114;HP:0031798;HP:0003077
388033,41976,152032,12,2859,,
388034,41976,152032,13,V440,,
388035,41976,152032,14,V442,,
388036,41976,153826,1,0389,A419,HP:0100806
388037,41976,153826,2,5070,,
388038,41976,153826,3,48283,,
388039,41976,153826,4,34400,G8250,
388040,41976,153826,5,70724,,
388041,41976,153826,6,5849,,
388042,41976,153826,7,2930,F05,HP:0031258
388043,41976,153826,8,2760,,
388044,41976,153826,9,2767,,
388045,41976,153826,10,42731,I4891,
388046,41976,153826,11,2752,E8340;E8341;E8342;E8349,
388047,41976,153826,12,70703,L89139;L89149;L89159,
388048,41976,153826,13,70705,L89309,
388049,41976,153826,14,99592,R6520,
388050,41976,153826,15,V440,,
388051,41976,153826,16,53649,K9429,
388052,41976,153826,17,43853,I69965,
388053,41976,153826,18,59960,N139,
388054,41976,153826,19,25060,E1140,
388055,41976,153826,20,3572,E0842;E0942;E1342;E1042;E1142,
388056,41976,153826,21,28860,,
388057,41976,153826,22,4439,,
388058,41976,153826,23,2689,,
388059,41976,153826,24,4019,I10;I169,HP:0000822;HP:0004421;HP:0004972;HP:0005117
388060,41976,153826,25,311,F329,HP:0012378;HP:0000716
388061,41976,153826,26,43811,I69920,
388062,41976,153826,27,2724,E784;E785,HP:0003124;HP:0031800;HP:0003077;HP:0003362;HP:0001658;HP:0003141;HP:0001114;HP:0031798;HP:0003077
388063,41976,153826,28,2449,,
388064,41976,153826,29,33829,,
388065,41976,153826,30,V4986,,
388066,41976,153826,31,V442,,
388067,41976,153826,32,V1302,,
388068,41976,153826,33,V1204,,
388069,41976,153826,34,V4572,Z9049,
388070,41976,153826,35,V5861,,
388071,41976,153826,36,V1251,,
388072,41976,153826,37,V1582,Z87891,
388073,41976,155297,1,0389,A419,HP:0100806
388074,41976,155297,2,78552,R6521,
388075,41976,155297,3,5849,,
388076,41976,155297,4,5990,,
388077,41976,155297,5,2762,,
388078,41976,155297,6,2760,,
388079,41976,155297,7,99592,R6520,
388080,41976,155297,8,70703,L89139;L89149;L89159,
388081,41976,155297,9,70722,,
388082,41976,155297,10,42731,I4891,
388083,41976,155297,11,V5861,,
388084,41976,155297,12,25060,E1140,
388085,41976,155297,13,3572,E0842;E0942;E1342;E1042;E1142,
388086,41976,155297,14,4019,I10;I169,HP:0000822;HP:0004421;HP:0004972;HP:0005117
388087,41976,155297,15,2449,,
388088,41976,155297,16,2724,E784;E785,HP:0003124;HP:0031800;HP:0003077;HP:0003362;HP:0001658;HP:0003141;HP:0001114;HP:0031798;HP:0003077
388089,41976,155297,17,2859,,
388090,41976,155297,18,53081,,
388091,41976,155297,19,311,F329,HP:0012378;HP:0000716
388092,41976,155297,20,V440,,
388093,41976,155297,21,43819,I69928,
388094,41976,172082,1,51881,J9600;J9690,HP:0002878;HP:0012416;HP:0012416;HP:0002878
388095,41976,172082,2,5070,,
388096,41976,172082,3,5849,,
388097,41976,172082,4,5780,,
388098,41976,172082,5,2761,,
388099,41976,172082,6,53019,,
388100,41976,172082,7,2800,,
388101,41976,172082,8,25060,E1140,
388102,41976,172082,9,3572,E0842;E0942;E1342;E1042;E1142,
388103,41976,172082,10,4019,I10;I169,HP:0000822;HP:0004421;HP:0004972;HP:0005117
388104,41976,172082,11,2449,,
388105,41976,172082,12,42731,I4891,
388106,41976,172082,13,2724,E784;E785,HP:0003124;HP:0031800;HP:0003077;HP:0003362;HP:0001658;HP:0003141;HP:0001114;HP:0031798;HP:0003077
388107,41976,173269,1,03812,A4102,
388108,41976,173269,2,78552,R6521,
388109,41976,173269,3,5849,,
388110,41976,173269,4,0383,A414,HP:0100806
388111,41976,173269,5,99592,R6520,
388112,41976,173269,6,4019,I10;I169,HP:0000822;HP:0004421;HP:0004972;HP:0005117
388113,41976,173269,7,25060,E1140,
388114,41976,173269,8,3572,E0842;E0942;E1342;E1042;E1142,
388115,41976,173269,9,2449,,
388116,41976,174863,1,99664,T83510A;T83511A;T83512A;T83518A,
388117,41976,174863,2,03840,A4150,
388118,41976,174863,3,99591,A419,HP:0100806
388119,41976,174863,4,2760,,
388120,41976,174863,5,5990,,
388121,41976,174863,6,70703,L89139;L89149;L89159,
388122,41976,174863,7,70720,,
388123,41976,174863,8,42731,I4891,
388124,41976,174863,9,V5861,,
388125,41976,174863,10,25060,E1140,
388126,41976,174863,11,3572,E0842;E0942;E1342;E1042;E1142,
388127,41976,174863,12,2859,,
388128,41976,174863,13,2449,,
388129,41976,174863,14,4019,I10;I169,HP:0000822;HP:0004421;HP:0004972;HP:0005117
388130,41976,174863,15,43819,I69928,
388131,41976,174863,16,V440,,
388132,41976,176016,1,00845,A0471;A0472,
388133,41976,176016,2,0389,A419,HP:0100806
388134,41976,176016,3,51881,J9600;J9690,HP:0002878;HP:0012416;HP:0012416;HP:0002878
388135,41976,176016,4,5849,,
388136,41976,176016,5,99811,D7801;D7802;D7821;D7822;E3601;E3602;E89810;E89811;G9731;G9732;G9751;G9752;H59111;H59112;H59113;H59119;H59121;H59122;H59123;H59129;H59311;H59312;H59313;H59319;H59321;H59322;H59323;H59329;H9521;H9522;H9541;H9542;I97410;I97411;I97418;I9742;I97610;I97611;I97618;I97620;J9561;J9562;J95830;J95831;K9161;K9162;K91840;K91841;L7601;L7602;L7621;L7622;M96810;M96811;M96830;M96831;N9961;N9962;N99820;N99821,
388137,41976,176016,6,99592,R6520,
388138,41976,176016,7,70703,L89139;L89149;L89159,
388139,41976,176016,8,70722,,
388140,41976,176016,9,25060,E1140,
388141,41976,176016,10,3572,E0842;E0942;E1342;E1042;E1142,
388142,41976,176016,11,2449,,
388143,41976,176016,12,53081,,
388144,41976,176016,13,4019,I10;I169,HP:0000822;HP:0004421;HP:0004972;HP:0005117
388145,41976,176016,14,43882,I69991,
388146,41976,176016,15,78720,R130;R1310,
388147,41976,179418,1,0389,A419,HP:0100806
388148,41976,179418,2,78552,R6521,
388149,41976,179418,3,486,J189,HP:0002090
388150,41976,179418,4,5849,,
388151,41976,179418,5,5990,,
388152,41976,179418,6,2763,,
388153,41976,179418,7,99592,R6520,
388154,41976,179418,8,25060,E1140,
388155,41976,179418,9,3572,E0842;E0942;E1342;E1042;E1142,
388156,41976,179418,10,V5867,,
388157,41976,179418,11,70703,L89139;L89149;L89159,
388158,41976,179418,12,70720,,
388159,41976,179418,13,2449,,
388160,41976,179418,14,4019,I10;I169,HP:0000822;HP:0004421;HP:0004972;HP:0005117
388161,41976,179418,15,42731,I4891,
388162,41976,179418,16,V5861,,
388163,41976,179418,17,V440,,
388164,41976,179418,18,V1251,,
388165,41976,179418,19,43889,I69998;I69898,
388166,41976,179418,20,2724,E784;E785,HP:0003124;HP:0031800;HP:0003077;HP:0003362;HP:0001658;HP:0003141;HP:0001114;HP:0031798;HP:0003077
388167,41976,179418,21,2859,,
388168,41976,179418,22,311,F329,HP:0012378;HP:0000716
388169,41976,180546,1,0389,A419,HP:0100806
388170,41976,180546,2,48283,,
388171,41976,180546,3,5070,,
388172,41976,180546,4,99664,T83510A;T83511A;T83512A;T83518A,
388173,41976,180546,5,5990,,
388174,41976,180546,6,53649,K9429,
388175,41976,180546,7,70703,L89139;L89149;L89159,
388176,41976,180546,8,70722,,
388177,41976,180546,9,0416,,
388178,41976,180546,10,E8796,,
388179,41976,180546,11,42731,I4891,
388180,41976,180546,12,V5861,,
388181,41976,180546,13,2859,,
388182,41976,180546,14,99591,A419,HP:0100806
388183,41976,180546,15,25060,E1140,
388184,41976,180546,16,3572,E0842;E0942;E1342;E1042;E1142,
388185,41976,180546,17,4019,I10;I169,HP:0000822;HP:0004421;HP:0004972;HP:0005117
388186,41976,180546,18,V440,,
388187,41976,180546,19,V1254,,
388217,41983,107689,1,80501,S12000A;S12001A,
388218,41983,107689,2,8052,S22009A,
388219,41983,107689,3,5990,,
388220,41983,107689,4,20410,,
388221,41983,107689,5,2761,,
388222,41983,107689,6,80502,S12100A;S12101A,
388223,41983,107689,7,8911,S81029A;S81829A;S91029A,
388224,41983,107689,8,E8809,W108XXA,
388225,41983,107689,9,E8490,Y92099,
388226,41983,107689,10,2948,F060;F068,HP:0000738;HP:0000709
388227,41983,107689,11,4019,I10;I169,HP:0000822;HP:0004421;HP:0004972;HP:0005117
388228,41983,107689,12,4240,I340;I348,HP:0001653
388229,41983,107689,13,2449,,
388230,41983,107689,14,53081,,
388231,41983,107689,15,3669,,
388232,41983,107689,16,V667,,
388369,42033,154156,1,42821,I5021,
388370,42033,154156,2,9971,I97710;I97790;I9788;I9789,
388371,42033,154156,3,4160,,
388372,42033,154156,4,4280,I50814;I509,HP:0001635
388373,42033,154156,5,41401,I2510,
388374,42033,154156,6,42731,I4891,
388375,42033,154156,7,3962,I080,
388612,42066,171628,1,51919,J398;J9809,
388613,42066,171628,2,5070,,
388614,42066,171628,3,V4611,Z9911,
388615,42066,171628,4,7580,Q909,HP:0001088;HP:0100867;HP:0012368;HP:0006733;HP:0010808;HP:0000248;HP:0000272;HP:0004279;HP:0000158;HP:0000405;HP:0004322;HP:0000286;HP:0000954;HP:0000582;HP:0001249;HP:0001674;HP:0002023;HP:0001252;HP:0000474;HP:0002251;HP:0002511;HP:0005547;HP:0001388;HP:0002866;HP:0004220;HP:0008551;HP:0001169;HP:0003467;HP:0000821;HP:0003182
388616,42066,171628,5,4275,I469,HP:0001695
388617,42066,171628,6,78720,R130;R1310,
388618,42066,171628,7,319,F79,HP:0001249
388619,42066,171628,8,2749,M109,HP:0003149;HP:0002149;HP:0002829;HP:0000083;HP:0001854;HP:0001997;HP:0000787
388620,42066,171628,9,34590,G40901;G40909,
388621,42066,171628,10,V441,,
388734,42075,151323,1,41041,I2119,
388735,42075,151323,2,5849,,
388736,42075,151323,3,1623,C3410,
388737,42075,151323,4,1977,C787,HP:0002664
388738,42075,151323,5,1985,C7951;C7952,
388739,42075,151323,6,51881,J9600;J9690,HP:0002878;HP:0012416;HP:0012416;HP:0002878
388740,42075,151323,7,2762,,
388741,42075,151323,8,5070,,
388742,42075,151323,9,5789,,
388743,42075,151323,10,4275,I469,HP:0001695
388744,42075,151323,11,41401,I2510,
388745,42075,151323,12,4588,I9589,
388746,42075,151323,13,25000,E119,HP:0005978;HP:0000819;HP:0031819;HP:0000518;HP:0002591;HP:0002960;HP:0001959;HP:0000831;HP:0000103;HP:0003584;HP:0000855;HP:0009830;HP:0001993;HP:0006279
388747,42075,151323,14,2724,E784;E785,HP:0003124;HP:0031800;HP:0003077;HP:0003362;HP:0001658;HP:0003141;HP:0001114;HP:0031798;HP:0003077
388748,42075,151323,15,4019,I10;I169,HP:0000822;HP:0004421;HP:0004972;HP:0005117
388749,42075,151323,16,496,J449,HP:0006510
388750,42075,151323,17,28984,,
388912,42135,102203,1,5722,K7290;K7291,
388913,42135,102203,2,5849,,
388914,42135,102203,3,78959,,
388915,42135,102203,4,261,E41;E43,HP:0012828;HP:0004395;HP:0004395;HP:0012828
388916,42135,102203,5,5724,,
388917,42135,102203,6,2763,,
388918,42135,102203,7,2762,,
388919,42135,102203,8,5712,K7030,
388920,42135,102203,9,53789,K3189,
388921,42135,102203,10,30393,,
388922,42135,102203,11,V4983,,
388923,42135,117105,1,5722,K7290;K7291,
388924,42135,117105,2,5849,,
388925,42135,117105,3,452,,
388926,42135,117105,4,99592,R6520,
388927,42135,117105,5,51881,J9600;J9690,HP:0002878;HP:0012416;HP:0012416;HP:0002878
388928,42135,117105,6,78552,R6521,
388929,42135,117105,7,486,J189,HP:0002090
388930,42135,117105,8,03812,A4102,
388931,42135,117105,9,45621,,
388932,42135,117105,10,2639,E46,HP:0004395
388933,42135,117105,11,7994,,
388934,42135,117105,12,2762,,
388935,42135,117105,13,5789,,
388936,42135,117105,14,1122,B3742;B3749,
388937,42135,117105,15,5712,K7030,
388938,42135,117105,16,V1581,Z9119,
388939,42135,117105,17,30391,F1020,
388940,42135,117105,18,53789,K3189,
388941,42135,117105,19,2768,,
388942,42135,117105,20,5859,,
388943,42135,117105,21,78039,R569,
388944,42135,117105,22,59970,,
388945,42135,117105,23,V0254,,
389311,42199,178513,1,41071,I214,HP:0000819;HP:0001997;HP:0100749;HP:0040270;HP:0001658;HP:0001645;HP:0003124;HP:0002155;HP:0001681;HP:0000822;HP:0002018;HP:0032192;HP:0000939
389312,42199,178513,2,43401,I6330,
389313,42199,178513,3,34290,G8190,
389314,42199,178513,4,1570,,
389315,42199,178513,5,1977,C787,HP:0002664
389316,42199,178513,6,1970,C7800,
389317,42199,178513,7,99812,D7801;D7802;E3601;E3602;G9731;G9732;H59111;H59112;H59113;H59119;H59121;H59122;H59123;H59129;H9521;H9522;I97410;I97411;I97418;I9742;J9561;J9562;K9161;K9162;L7601;L7602;M96810;M96811;N9961;N9962;D7831;D7832;E89820;E89821;G9761;G9762;H59331;H59332;H59333;H59339;H59341;H59342;H59343;H59349;H9551;H9552;I97621;I97630;I97631;I97638;J95860;J95861;K91870;K91871;L7631;L7632;M96840;M96841;N99840;N99841,
389318,42199,178513,8,4531,,
389319,42199,178513,9,7907,R7881,
389320,42199,178513,10,25000,E119,HP:0005978;HP:0000819;HP:0031819;HP:0000518;HP:0002591;HP:0002960;HP:0001959;HP:0000831;HP:0000103;HP:0003584;HP:0000855;HP:0009830;HP:0001993;HP:0006279
389321,42199,178513,11,4019,I10;I169,HP:0000822;HP:0004421;HP:0004972;HP:0005117
389322,42199,178513,12,V103,,
389323,42199,178513,13,V1251,,
389324,42199,178513,14,2859,,
389325,42199,178513,15,E8798,Y848,
389403,42231,171878,1,1890,C649,
389404,42231,171878,2,1966,,
389405,42231,171878,3,9982,T888XXA;D7811;D7812;E3611;E3612;G9748;G9749;H59219;H59229;H9531;H9532;I9751;I9752;J9571;J9572;K9171;K9172;L7611;L7612;M96820;M96821;N9971;N9972,
389406,42231,171878,4,5119,J918,
389407,42231,171878,5,2930,F05,HP:0031258
389408,42231,171878,6,E8700,,
389409,42231,171878,7,4019,I10;I169,HP:0000822;HP:0004421;HP:0004972;HP:0005117
389410,42231,171878,8,42731,I4891,
389411,42231,171878,9,42789,R001;I498,HP:0001688;HP:0001662;HP:0011710;HP:0004756;HP:0002094;HP:0001645;HP:0012272;HP:0004749;HP:0012378;HP:0011712;HP:0001279;HP:0001663;HP:0004308;HP:0001649;HP:0012251;HP:0001695;HP:0001662;HP:0011705;HP:0001699;HP:0012232;HP:0001962;HP:0012248;HP:0005110;HP:0031972
389412,42231,171878,10,2724,E784;E785,HP:0003124;HP:0031800;HP:0003077;HP:0003362;HP:0001658;HP:0003141;HP:0001114;HP:0031798;HP:0003077
389413,42231,171878,11,V103,,
389414,42231,171878,12,2859,,
389415,42231,171878,13,45829,I952;I9581,HP:0002615
389554,42275,128293,1,49121,J441,HP:0011009;HP:0011010
389555,42275,128293,2,1629,C3490,
389556,42275,128293,3,1961,,
389557,42275,128293,4,193,,
389558,42275,128293,5,32723,,
389559,42275,128293,6,40390,I129,HP:0009741;HP:0005117;HP:0004972;HP:0004421
389560,42275,128293,7,5853,,
389561,42275,128293,8,78722,,
389562,42275,128293,9,5303,,
389563,42275,128293,10,V4501,,
389564,42275,128293,11,60000,N400,
389565,42275,128293,12,47833,J3802,
389566,42275,128293,13,V462,,
389567,42275,128293,14,V1582,Z87891,
389568,42275,128293,15,V8741,,
389569,42275,128293,16,V153,,
389570,42281,195911,1,5715,K740;K7460;K7469,HP:0001395
389571,42281,195911,2,45620,,
389572,42281,195911,3,5849,,
389573,42281,195911,4,6191,N824,
389574,42281,195911,5,59582,N3040;N3041,
389575,42281,195911,6,78959,,
389576,42281,195911,7,51881,J9600;J9690,HP:0002878;HP:0012416;HP:0012416;HP:0002878
389577,42281,195911,8,07044,B182,HP:0200123;HP:0012115
389578,42281,195911,9,2851,,
389579,42281,195911,10,5723,,
389580,42281,195911,11,2760,,
389581,42281,195911,12,2762,,
389582,42281,195911,13,5641,K581;K582;K588;K589,HP:0002014
389583,42281,195911,14,53390,K279,HP:0004398;HP:0002248;HP:0002249
389584,42281,195911,15,42741,,
389585,42281,195911,16,56949,K6289,
389586,42281,195911,17,0414,,
389587,42281,195911,18,2874,,
389588,42281,195911,19,2768,,
389589,42281,195911,20,5533,,
389590,42281,195911,21,V153,,
389591,42281,195911,22,V1041,,
389592,42281,195911,23,V8801,,
389593,42281,195911,24,E8792,,
389620,42292,138503,1,8830,S61209A,
389621,42292,138503,2,486,J189,HP:0002090
389622,42292,138503,3,29181,F10239,
389623,42292,138503,4,E8120,V4988XA,
389624,42292,138503,5,E8495,Y92410,
389625,42292,138503,6,25080,E1165;E1169;E11618;E11620;E11621;E11622;E11628;E11630;E11638;E11649,
389626,42292,138503,7,30301,F10229,
389627,42292,138503,8,78009,R400;R401,HP:0002329
389628,42292,138503,9,53081,,
389629,42292,138503,10,V425,,
389630,42292,138503,11,25070,E1151,
389631,42292,138503,12,44020,I70209,
389632,42292,138503,13,3051,F17200,
389633,42292,138503,14,2859,,
389634,42292,138503,15,99631,T83091A,
389635,42292,138503,16,E8796,,
389636,42292,138503,17,E8497,Y92199,
389637,42292,138503,18,42731,I4891,
389642,42302,167754,1,49322,J441,HP:0011009;HP:0011010
389643,42302,167754,2,5070,,
389644,42302,167754,3,42832,I5032,
389645,42302,167754,4,2930,F05,HP:0031258
389646,42302,167754,5,79902,,
389647,42302,167754,6,4280,I50814;I509,HP:0001635
389648,42302,167754,7,41401,I2510,
389649,42302,167754,8,412,,
389650,42302,167754,9,340,,
389651,42302,167754,10,25000,E119,HP:0005978;HP:0000819;HP:0031819;HP:0000518;HP:0002591;HP:0002960;HP:0001959;HP:0000831;HP:0000103;HP:0003584;HP:0000855;HP:0009830;HP:0001993;HP:0006279
389652,42302,167754,11,2948,F060;F068,HP:0000738;HP:0000709
389653,42302,167754,12,53081,,
389654,42302,167754,13,28521,D631,HP:0001903;HP:0011010
389655,42302,167754,14,37410,H02109,
389656,42302,167754,15,311,F329,HP:0012378;HP:0000716
389657,42302,167754,16,40390,I129,HP:0009741;HP:0005117;HP:0004972;HP:0004421
389658,42302,167754,17,5859,,
389659,42302,167754,18,2989,F29,HP:0000709
389660,42302,167754,19,V5865,Z7951;Z7952,
389661,42302,167754,20,73300,M810,HP:0000939
389662,42302,167754,21,04112,B9562,
389663,42302,167754,22,V1302,,
389664,42302,167754,23,V1581,Z9119,
389715,42321,114648,1,5990,,
389716,42321,114648,2,5849,,
389717,42321,114648,3,8600,S270XXA,
389718,42321,114648,4,75321,Q6211,
389719,42321,114648,5,2760,,
389720,42321,114648,6,2930,F05,HP:0031258
389721,42321,114648,7,2851,,
389722,42321,114648,8,42731,I4891,
389723,42321,114648,9,5859,,
389724,42321,114648,10,40390,I129,HP:0009741;HP:0005117;HP:0004972;HP:0004421
389725,42321,114648,11,27650,,
389726,42321,114648,12,2720,E7800;E7801,
389727,42321,114648,13,30000,,
389728,42321,114648,14,311,F329,HP:0012378;HP:0000716
389729,42321,114648,15,3310,G309,HP:0002511;HP:0001300;HP:0410054;HP:0002423;HP:0002185;HP:0000726
389730,42321,114648,16,29410,,
389731,42321,114648,17,43850,I69969,
389732,42321,114648,18,E8798,Y848,
389851,42346,175880,1,5602,,
389852,42346,175880,2,486,J189,HP:0002090
389853,42346,175880,3,39891,,
389854,42346,175880,4,3963,I080,
389855,42346,175880,5,3970,I071;I072;I078,HP:0005180;HP:0010446
389856,42346,175880,6,42731,I4891,
389857,42346,175880,7,79902,,
389858,42346,175880,8,4589,,
389859,42346,175880,9,V5861,,
389860,42346,175880,10,4019,I10;I169,HP:0000822;HP:0004421;HP:0004972;HP:0005117
389861,42346,175880,11,25000,E119,HP:0005978;HP:0000819;HP:0031819;HP:0000518;HP:0002591;HP:0002960;HP:0001959;HP:0000831;HP:0000103;HP:0003584;HP:0000855;HP:0009830;HP:0001993;HP:0006279
389862,42346,175880,12,V5867,,
389863,42346,175880,13,2724,E784;E785,HP:0003124;HP:0031800;HP:0003077;HP:0003362;HP:0001658;HP:0003141;HP:0001114;HP:0031798;HP:0003077
389864,42346,175880,14,4439,,
389865,42346,175880,15,53390,K279,HP:0004398;HP:0002248;HP:0002249
389866,42346,175880,16,V4501,,
389867,42346,175880,17,3659,,
389868,42346,175880,18,V1083,Z85828,
389869,42346,175880,19,V667,,
389870,42346,180391,1,42821,I5021,
389871,42346,180391,2,486,J189,HP:0002090
389872,42346,180391,3,51881,J9600;J9690,HP:0002878;HP:0012416;HP:0012416;HP:0002878
389873,42346,180391,4,4254,I428;I425,HP:0004308;HP:0002617;HP:0031972;HP:0001962;HP:0006698;HP:0002094;HP:0004758;HP:0006682;HP:0000982;HP:0004756;HP:0011663;HP:0002224;HP:0100660;HP:0001645;HP:0006677;HP:0003338;HP:0011710;HP:0100749;HP:0003140;HP:0001663;HP:0001699;HP:0001635;HP:0001279;HP:0001723;HP:0001639;HP:0001638;HP:0001644;HP:0005144;HP:0031295;HP:0001712;HP:0001645;HP:0002119;HP:0001635;HP:0001653;HP:0005110
389874,42346,180391,5,2764,,
389875,42346,180391,6,5990,,
389876,42346,180391,7,4280,I50814;I509,HP:0001635
389877,42346,180391,8,3968,I088,
389878,42346,180391,9,3970,I071;I072;I078,HP:0005180;HP:0010446
389879,42346,180391,10,0414,,
389880,42346,180391,11,42731,I4891,
389881,42346,180391,12,37230,,
389882,42346,180391,13,25000,E119,HP:0005978;HP:0000819;HP:0031819;HP:0000518;HP:0002591;HP:0002960;HP:0001959;HP:0000831;HP:0000103;HP:0003584;HP:0000855;HP:0009830;HP:0001993;HP:0006279
389883,42346,180391,14,56400,,
389884,42346,180391,15,4019,I10;I169,HP:0000822;HP:0004421;HP:0004972;HP:0005117
389885,42346,180391,16,2724,E784;E785,HP:0003124;HP:0031800;HP:0003077;HP:0003362;HP:0001658;HP:0003141;HP:0001114;HP:0031798;HP:0003077
389886,42346,180391,17,4439,,
389887,42346,180391,18,3659,,
389888,42346,180391,19,53390,K279,HP:0004398;HP:0002248;HP:0002249
389889,42346,180391,20,V4501,,
389890,42346,180391,21,V5861,,
389891,42346,180391,22,V1083,Z85828,
389999,42367,139932,1,85225,S065X6A;S065X7A;S065X8A,
390000,42367,139932,2,42832,I5032,
390001,42367,139932,3,3315,,
390002,42367,139932,4,2761,,
390003,42367,139932,5,34570,G40101;G40109,
390004,42367,139932,6,E8889,W19XXXA,
390005,42367,139932,7,4280,I50814;I509,HP:0001635
390006,42367,139932,8,2948,F060;F068,HP:0000738;HP:0000709
390007,42367,139932,9,V452,,
390008,42367,139932,10,2768,,
390009,42367,139932,11,43889,I69998;I69898,
390010,42367,139932,12,72989,R29898,
390011,42367,139932,13,53081,,
390012,42367,139932,14,311,F329,HP:0012378;HP:0000716
390013,42367,139932,15,2859,,
390014,42367,139932,16,25000,E119,HP:0005978;HP:0000819;HP:0031819;HP:0000518;HP:0002591;HP:0002960;HP:0001959;HP:0000831;HP:0000103;HP:0003584;HP:0000855;HP:0009830;HP:0001993;HP:0006279
390015,42367,139932,17,V1582,Z87891,
390016,42367,139932,18,79094,,
390017,42367,139932,19,78060,R502;R509,HP:0001945;HP:0001945
390233,42412,114867,1,2511,E160;E161,HP:0001943;HP:0000825;HP:0004510;HP:0001325;HP:0001249;HP:0001520;HP:0002173;HP:0008283;HP:0000819;HP:0000842
390234,42412,114867,2,5849,,
390235,42412,114867,3,486,J189,HP:0002090
390236,42412,114867,4,42832,I5032,
390237,42412,114867,5,2930,F05,HP:0031258
390238,42412,114867,6,8670,S3720XA;S3730XA,
390239,42412,114867,7,59971,,
390240,42412,114867,8,40390,I129,HP:0009741;HP:0005117;HP:0004972;HP:0004421
390241,42412,114867,9,5859,,
390242,42412,114867,10,4280,I50814;I509,HP:0001635
390243,42412,114867,11,42731,I4891,
390244,42412,114867,12,41400,I2510,
390245,42412,114867,13,2724,E784;E785,HP:0003124;HP:0031800;HP:0003077;HP:0003362;HP:0001658;HP:0003141;HP:0001114;HP:0031798;HP:0003077
390246,42412,114867,14,4149,I259,HP:0000939;HP:0100749;HP:0032192;HP:0001645;HP:0001658;HP:0000819;HP:0040270;HP:0001997;HP:0000822;HP:0001681;HP:0003124;HP:0002155
390247,42412,114867,15,28521,D631,HP:0001903;HP:0011010
390248,42412,114867,16,60000,N400,
390249,42412,114867,17,2948,F060;F068,HP:0000738;HP:0000709
390250,42412,114867,18,V4581,,
390251,42412,114867,19,V1272,,
390252,42412,114867,20,E9308,,
390253,42412,114867,21,E9289,X58XXXA,
390270,42430,100969,1,43411,I6340,
390271,42430,100969,2,3484,,
390272,42430,100969,3,51881,J9600;J9690,HP:0002878;HP:0012416;HP:0012416;HP:0002878
390273,42430,100969,4,5070,,
390274,42430,100969,5,42731,I4891,
390275,42430,100969,6,25000,E119,HP:0005978;HP:0000819;HP:0031819;HP:0000518;HP:0002591;HP:0002960;HP:0001959;HP:0000831;HP:0000103;HP:0003584;HP:0000855;HP:0009830;HP:0001993;HP:0006279
390276,42430,100969,7,4019,I10;I169,HP:0000822;HP:0004421;HP:0004972;HP:0005117
390277,42430,100969,8,4439,,
390278,42430,100969,9,496,J449,HP:0006510
390279,42430,100969,10,3051,F17200,
390405,42458,159647,1,4588,I9589,
390406,42458,159647,2,5849,,
390407,42458,159647,3,4270,I471,HP:0006671;HP:0004755
390408,42458,159647,4,27652,,
390409,42458,159647,5,2948,F060;F068,HP:0000738;HP:0000709
390410,42458,159647,6,72400,,
395762,43735,112662,1,5849,,
395763,43735,112662,2,486,J189,HP:0002090
395764,43735,112662,3,34830,,
395765,43735,112662,4,42843,I5043,
395766,43735,112662,5,5789,,
395767,43735,112662,6,4254,I428;I425,HP:0004308;HP:0002617;HP:0031972;HP:0001962;HP:0006698;HP:0002094;HP:0004758;HP:0006682;HP:0000982;HP:0004756;HP:0011663;HP:0002224;HP:0100660;HP:0001645;HP:0006677;HP:0003338;HP:0011710;HP:0100749;HP:0003140;HP:0001663;HP:0001699;HP:0001635;HP:0001279;HP:0001723;HP:0001639;HP:0001638;HP:0001644;HP:0005144;HP:0031295;HP:0001712;HP:0001645;HP:0002119;HP:0001635;HP:0001653;HP:0005110
395768,43735,112662,7,5119,J918,
395769,43735,112662,8,78959,,
395770,43735,112662,9,4271,I472,HP:0001699;HP:0025478;HP:0031677;HP:0002321;HP:0001662;HP:0001279;HP:0006682;HP:0001259;HP:0031273;HP:0001657;HP:0005110;HP:0003701;HP:0004756;HP:0001695;HP:0001250;HP:0005162
395771,43735,112662,10,5859,,
395772,43735,112662,11,79902,,
395773,43735,112662,12,4280,I50814;I509,HP:0001635
395774,43735,112662,13,5712,K7030,
395775,43735,112662,14,496,J449,HP:0006510
395776,43735,112662,15,42731,I4891,
395777,43735,112662,16,41401,I2510,
395778,43735,112662,17,V4582,Z9861,
395779,43735,112662,18,25000,E119,HP:0005978;HP:0000819;HP:0031819;HP:0000518;HP:0002591;HP:0002960;HP:0001959;HP:0000831;HP:0000103;HP:0003584;HP:0000855;HP:0009830;HP:0001993;HP:0006279
395780,43735,112662,19,2724,E784;E785,HP:0003124;HP:0031800;HP:0003077;HP:0003362;HP:0001658;HP:0003141;HP:0001114;HP:0031798;HP:0003077
395781,43735,112662,20,40390,I129,HP:0009741;HP:0005117;HP:0004972;HP:0004421
395782,43735,112662,21,4439,,
395783,43735,112662,22,32723,,
395784,43735,112662,23,2449,,
395875,43746,167181,1,1541,,
395876,43746,167181,2,5849,,
395877,43746,167181,3,1977,C787,HP:0002664
395878,43746,167181,4,1962,,
395879,43746,167181,5,1976,,
395880,43746,167181,6,5990,,
395881,43746,167181,7,78959,,
395882,43746,167181,8,5772,K862;K863,HP:0001737;HP:0005206
395883,43746,167181,9,2800,,
395884,43746,167181,10,5960,,
395885,43746,167181,11,0413,,
395886,43746,167181,12,4019,I10;I169,HP:0000822;HP:0004421;HP:0004972;HP:0005117
395887,43746,167181,13,71590,M159;M1990,HP:0003040;HP:0008843;HP:0002644;HP:0002758;HP:0002758;HP:0003040;HP:0001367;HP:0001369
395888,43746,167181,14,78820,,
395889,43746,167181,15,78900,R109,
395890,43746,167181,16,7823,R600;R601;R609,HP:0000969;HP:0012838;HP:0007430;HP:0000969
395891,43748,121860,1,42843,I5043,
395892,43748,121860,2,5849,,
395893,43748,121860,3,78551,,
395894,43748,121860,4,6826,L03119;L03129,
395895,43748,121860,5,4280,I50814;I509,HP:0001635
395896,43748,121860,6,2875,,
395897,43748,121860,7,41400,I2510,
395898,43748,121860,8,V4581,,
395980,43779,186071,1,85221,S065X0A,
395981,43779,186071,2,5849,,
395982,43779,186071,3,1970,C7800,
395983,43779,186071,4,1539,,
395984,43779,186071,5,E8859,W1849XA,
395985,43779,186071,6,42652,I452,
395986,43779,186071,7,28521,D631,HP:0001903;HP:0011010
395987,43779,186071,8,5859,,
395988,43779,186071,9,25000,E119,HP:0005978;HP:0000819;HP:0031819;HP:0000518;HP:0002591;HP:0002960;HP:0001959;HP:0000831;HP:0000103;HP:0003584;HP:0000855;HP:0009830;HP:0001993;HP:0006279
395989,43779,186071,10,2724,E784;E785,HP:0003124;HP:0031800;HP:0003077;HP:0003362;HP:0001658;HP:0003141;HP:0001114;HP:0031798;HP:0003077
395990,43779,186071,11,40390,I129,HP:0009741;HP:0005117;HP:0004972;HP:0004421
396050,43798,130870,1,1510,,
396051,43798,130870,2,9971,I97710;I97790;I9788;I9789,
396052,43798,130870,3,9974,,
396053,43798,130870,4,51881,J9600;J9690,HP:0002878;HP:0012416;HP:0012416;HP:0002878
396054,43798,130870,5,51189,J948;J90;J942,HP:0011920;HP:0002202;HP:0012151
396055,43798,130870,6,42731,I4891,
396056,43798,130870,7,2875,,
396057,43798,130870,8,47831,J3801,
396058,43798,130870,9,5109,J869,HP:0011919
396059,43798,130870,10,2763,,
396060,43798,130870,11,2761,,
396061,43798,130870,12,40390,I129,HP:0009741;HP:0005117;HP:0004972;HP:0004421
396062,43798,130870,13,5859,,
396063,43798,130870,14,25000,E119,HP:0005978;HP:0000819;HP:0031819;HP:0000518;HP:0002591;HP:0002960;HP:0001959;HP:0000831;HP:0000103;HP:0003584;HP:0000855;HP:0009830;HP:0001993;HP:0006279
396064,43798,130870,15,04112,B9562,
396065,43798,130870,16,53081,,
396181,43827,149950,1,41041,I2119,
396182,43827,149950,2,42832,I5032,
396183,43827,149950,3,4160,,
396184,43827,149950,4,41401,I2510,
396185,43827,149950,5,4280,I50814;I509,HP:0001635
396186,43827,149950,6,42731,I4891,
396187,43827,149950,7,4241,I350;I351;I352;I358;I359,HP:0004963;HP:0004942;HP:0001680;HP:0001650;HP:0001647;HP:0001659;HP:0001650;HP:0011560;HP:0001629;HP:0001718;HP:0001719;HP:0001647;HP:0001650
396188,43827,149950,8,36250,,
396189,43827,149950,9,2859,,
396190,43827,149950,10,4019,I10;I169,HP:0000822;HP:0004421;HP:0004972;HP:0005117
396191,43827,149950,11,53081,,
396192,43827,149950,12,V103,,
396193,43827,149950,13,V4571,Z9010,
396194,43827,149950,14,V8801,,
396235,43870,142633,1,43491,I6350,
396236,43870,142633,2,51881,J9600;J9690,HP:0002878;HP:0012416;HP:0012416;HP:0002878
396237,43870,142633,3,34290,G8190,
396238,43870,142633,4,5990,,
396239,43870,142633,5,514,J182;J811,HP:0002090
396240,43870,142633,6,2859,,
396241,43870,142633,7,4019,I10;I169,HP:0000822;HP:0004421;HP:0004972;HP:0005117
396242,43870,142633,8,0414,,
396243,43870,142633,9,42731,I4891,
396244,43870,142633,10,25000,E119,HP:0005978;HP:0000819;HP:0031819;HP:0000518;HP:0002591;HP:0002960;HP:0001959;HP:0000831;HP:0000103;HP:0003584;HP:0000855;HP:0009830;HP:0001993;HP:0006279
396245,43870,142633,11,2724,E784;E785,HP:0003124;HP:0031800;HP:0003077;HP:0003362;HP:0001658;HP:0003141;HP:0001114;HP:0031798;HP:0003077
396291,43879,158100,1,51881,J9600;J9690,HP:0002878;HP:0012416;HP:0012416;HP:0002878
396292,43879,158100,2,2762,,
396293,43879,158100,3,5119,J918,
396294,43879,158100,4,E9379,,
396295,43879,158100,5,7802,,
396296,43879,158100,6,53081,,
396297,43879,158100,7,311,F329,HP:0012378;HP:0000716
396298,43879,158100,8,V103,,
396299,43881,167021,1,1508,C158,HP:0002664
396300,43881,167021,2,53082,K228,
396301,43881,167021,3,5856,,
396302,43881,167021,4,1985,C7951;C7952,
396303,43881,167021,5,1970,C7800,
396304,43881,167021,6,V420,Z940,
396305,43881,167021,7,2761,,
396306,43881,167021,8,56211,K5732,
396307,43881,167021,9,40391,I120,HP:0004421;HP:0009741;HP:0004972;HP:0005117
396308,43881,167021,10,1977,C787,HP:0002664
396309,43881,167021,11,45340,I82409,
396310,43881,167021,12,41519,I2699,
396311,43881,167021,13,V1251,,
396312,43881,167021,14,V5861,,
396313,43881,167021,15,56400,,
396314,43881,167021,16,2800,,
396315,43881,167021,17,2724,E784;E785,HP:0003124;HP:0031800;HP:0003077;HP:0003362;HP:0001658;HP:0003141;HP:0001114;HP:0031798;HP:0003077
396316,43881,172454,1,41519,I2699,
396317,43881,172454,2,486,J189,HP:0002090
396318,43881,172454,3,5789,,
396319,43881,172454,4,1508,C158,HP:0002664
396320,43881,172454,5,1977,C787,HP:0002664
396321,43881,172454,6,1970,C7800,
396322,43881,172454,7,1985,C7951;C7952,
396323,43881,172454,8,2761,,
396324,43881,172454,9,45340,I82409,
396325,43881,172454,10,40391,I120,HP:0004421;HP:0009741;HP:0004972;HP:0005117
396326,43881,172454,11,5856,,
396327,43881,172454,12,V420,Z940,
396328,43881,172454,13,2724,E784;E785,HP:0003124;HP:0031800;HP:0003077;HP:0003362;HP:0001658;HP:0003141;HP:0001114;HP:0031798;HP:0003077
396329,43881,172454,14,2749,M109,HP:0003149;HP:0002149;HP:0002829;HP:0000083;HP:0001854;HP:0001997;HP:0000787
396330,43881,172454,15,71940,M2550,
396331,43881,172454,16,53190,K259,HP:0002592
396332,43881,172454,17,32723,,
396368,43909,167612,1,486,J189,HP:0002090
396369,43909,167612,2,1983,C7931,
396370,43909,167612,3,1628,C3480,
396371,43909,167612,4,2536,,
396372,43909,167612,5,496,J449,HP:0006510
396373,43909,167612,6,42731,I4891,
396374,43909,167612,7,311,F329,HP:0012378;HP:0000716
396375,43909,167612,8,4589,,
396376,43909,167612,9,7991,,
396479,43927,110958,1,41401,I2510,
396480,43927,110958,2,4142,,
396481,43927,110958,3,4139,I208;I209,HP:0001681;HP:0001681
396482,43927,110958,4,4019,I10;I169,HP:0000822;HP:0004421;HP:0004972;HP:0005117
396483,43927,110958,5,2724,E784;E785,HP:0003124;HP:0031800;HP:0003077;HP:0003362;HP:0001658;HP:0003141;HP:0001114;HP:0031798;HP:0003077
396484,43927,110958,6,25000,E119,HP:0005978;HP:0000819;HP:0031819;HP:0000518;HP:0002591;HP:0002960;HP:0001959;HP:0000831;HP:0000103;HP:0003584;HP:0000855;HP:0009830;HP:0001993;HP:0006279
396485,43927,110958,7,43310,I6529,
396486,43927,110958,8,49390,J45909;J45998,
396487,43927,110958,9,V4582,Z9861,
396488,43927,110958,10,V1301,,
396489,43927,110958,11,V1272,,
397140,44083,125157,1,1510,,
397141,44083,125157,2,5185,,
397142,44083,125157,3,4019,I10;I169,HP:0000822;HP:0004421;HP:0004972;HP:0005117
397143,44083,125157,4,2724,E784;E785,HP:0003124;HP:0031800;HP:0003077;HP:0003362;HP:0001658;HP:0003141;HP:0001114;HP:0031798;HP:0003077
397144,44083,131048,1,5119,J918,
397145,44083,131048,2,4239,I319,HP:0001701
397146,44083,131048,3,4019,I10;I169,HP:0000822;HP:0004421;HP:0004972;HP:0005117
397147,44083,131048,4,2859,,
397148,44083,131048,5,V1003,,
397149,44083,198330,1,4239,I319,HP:0001701
397150,44083,198330,2,5119,J918,
397151,44083,198330,3,4233,,
397152,44083,198330,4,2859,,
397153,44083,198330,5,V1003,,
397154,44083,198330,6,4019,I10;I169,HP:0000822;HP:0004421;HP:0004972;HP:0005117
397342,44154,174245,1,0389,A419,HP:0100806
397343,44154,174245,2,5185,,
397344,44154,174245,3,5070,,
397345,44154,174245,4,99592,R6520,
397346,44154,174245,5,42731,I4891,
397347,44154,174245,6,72400,,
397348,44154,174245,7,36250,,
397349,44154,174245,8,71690,M129,
397350,44154,174245,9,4549,I8390,
397591,44212,163189,1,03811,A4101,
397592,44212,163189,2,78552,R6521,
397593,44212,163189,3,5845,,
397594,44212,163189,4,48241,,
397595,44212,163189,5,51881,J9600;J9690,HP:0002878;HP:0012416;HP:0012416;HP:0002878
397596,44212,163189,6,5990,,
397597,44212,163189,7,3481,,
397598,44212,163189,8,28731,D693,HP:0000421;HP:0003454;HP:0001892;HP:0001873;HP:0001973
397599,44212,163189,9,2760,,
397600,44212,163189,10,5566,K5100,
397601,44212,163189,11,570,K7200;K762,
397602,44212,163189,12,5722,K7290;K7291,
397603,44212,163189,13,78959,,
397604,44212,163189,14,452,,
397605,44212,163189,15,5855,,
397606,44212,163189,16,40391,I120,HP:0004421;HP:0009741;HP:0004972;HP:0005117
397607,44212,163189,17,2839,,
397608,44212,163189,18,5601,K560;K567,HP:0002019;HP:0001561;HP:0002027;HP:0000126;HP:0003270;HP:0004389;HP:0002590;HP:0004395;HP:0002015;HP:0000076;HP:0004388;HP:0002251;HP:0002013;HP:0000021;HP:0000016;HP:0002014;HP:0001733;HP:0002595
397609,44212,163189,19,99592,R6520,
397610,44212,163189,20,0414,,
397611,44212,163189,21,70703,L89139;L89149;L89159,
397612,44212,163189,22,70723,,
397613,44212,163189,23,5711,K7010,
397614,44212,163189,24,5712,K7030,
397643,44222,192189,1,42781,I495;R001,HP:0001657;HP:0001688;HP:0030682;HP:0001634;HP:0003577;HP:0001695;HP:0005110;HP:0001663;HP:0001712;HP:0011704;HP:0001659;HP:0005155;HP:0001678;HP:0001688;HP:0001662
397644,44222,192189,2,5849,,
397645,44222,192189,3,E9429,,
397646,44222,192189,4,41401,I2510,
397647,44222,192189,5,40390,I129,HP:0009741;HP:0005117;HP:0004972;HP:0004421
397648,44222,192189,6,5853,,
397649,44222,192189,7,25060,E1140,
397650,44222,192189,8,3572,E0842;E0942;E1342;E1042;E1142,
397651,44222,192189,9,2724,E784;E785,HP:0003124;HP:0031800;HP:0003077;HP:0003362;HP:0001658;HP:0003141;HP:0001114;HP:0031798;HP:0003077
397652,44222,192189,10,3320,G20,HP:0001263;HP:0002061;HP:0003581;HP:0000012;HP:0100660;HP:0025401;HP:0001348;HP:0002185;HP:0002375;HP:0003596;HP:0007256;HP:0000658;HP:0000738;HP:0002465;HP:0003677;HP:0031908;HP:0000725;HP:0011999;HP:0000716;HP:0002174;HP:0002304;HP:0001332;HP:0002172;HP:0002529;HP:0000739;HP:0011960;HP:0001249;HP:0002171;HP:0000256;HP:0002064;HP:0000605;HP:0003678;HP:0002007;HP:0002120;HP:0000726;HP:0000571;HP:0003587;HP:0001288;HP:0003593;HP:0000751;HP:0002063;HP:0001250;HP:0002015;HP:0002396;HP:0001939;HP:0011462;HP:0001257;HP:0002071;HP:0003676;HP:0003487;HP:0002362;HP:0004409;HP:0001337;HP:0100315;HP:0100543;HP:0001260;HP:0012332;HP:0000643;HP:0001300;HP:0002451;HP:0000298;HP:0001762;HP:0001355;HP:0002019;HP:0002067;HP:0001621;HP:0002360;HP:0001347;HP:0001824;HP:0007311;HP:0012407;HP:0001268;HP:0001278;HP:0000514;HP:0001336;HP:0031959;HP:0002548;HP:0000338;HP:0002322
397653,44222,192189,11,72400,,
397667,44228,103379,1,03842,A4151,
397668,44228,103379,2,78552,R6521,
397669,44228,103379,3,486,J189,HP:0002090
397670,44228,103379,4,00845,A0471;A0472,
397671,44228,103379,5,1977,C787,HP:0002664
397672,44228,103379,6,1561,,
397673,44228,103379,7,1975,,
397674,44228,103379,8,45182,I808,HP:0004418
397675,44228,103379,9,99592,R6520,
397676,44228,103379,10,2449,,
397677,44228,103379,11,2859,,